1766018560.9928417,RX,"0,0,0,0,0,0,0,0,0,0,0,0,10,-3,10,-3,11,-3,10,-2,10,-3,9,-3,9,-3,9,-3,9,-3,9,-4,9,-3,9,-4,8,-4,8,-4,8,-3,8,-4,8,-5,7,-4,7,-5,7,-5,7,-4,7,-5,6,-5,7,-6,7,-5,7,-6,0,0,8,-6,7,-5,8,-5,8,-5,7,-5,8,-5,8,-5,7,-5,8,-4,7,-5,8,-4,7,-4,7,-4,7,-3,7,-3,7,-3,7,-2,7,-2,6,-2,6,-2,6,-1,6,-1,6,-1,6,-1,5,-1,5,0,0,0,0,0,0,0,0,0,0,0"
1766018561.0054286,RX,"0,0,0,0,0,0,0,0,0,0,0,0,1,11,1,10,2,11,1,10,1,10,1,9,2,10,2,9,2,9,2,9,1,9,2,9,2,9,2,8,2,8,3,9,4,8,3,8,4,8,4,7,3,7,4,7,4,7,4,8,4,8,4,8,0,0,5,8,4,8,4,8,5,8,4,7,4,8,4,8,4,7,3,8,3,8,3,8,3,7,2,7,2,7,2,7,2,7,1,7,1,7,1,7,1,6,1,6,0,6,0,6,0,6,-1,5,-1,5,0,0,0,0,0,0,0,0,0,0"
1766018561.0211208,RX,"0,0,0,0,0,0,0,0,0,0,0,0,10,3,10,3,11,2,10,3,10,2,9,2,9,2,9,1,9,2,9,1,9,1,9,1,9,1,9,1,9,0,9,0,9,0,8,0,9,-1,9,-1,8,-1,9,-1,8,-1,9,-2,9,-1,9,-1,0,0,9,-1,9,-1,9,-1,9,-1,9,-1,9,0,9,0,9,0,9,0,8,0,9,1,8,1,8,1,8,1,7,1,7,1,7,1,7,1,6,1,6,1,6,2,5,2,5,2,5,2,5,2,4,3,0,0,0,0,0,0,0,0,0,0"
1766018561.0390217,RX,"0,0,0,0,0,0,0,0,0,0,0,0,-8,-9,-8,-9,-9,-9,-8,-9,-8,-8,-8,-8,-8,-7,-8,-7,-7,-7,-8,-6,-8,-7,-8,-7,-8,-6,-8,-6,-7,-6,-8,-6,-8,-5,-8,-5,-9,-4,-8,-5,-8,-5,-8,-4,-8,-4,-9,-4,-9,-5,-9,-5,0,0,-9,-4,-9,-5,-9,-5,-9,-5,-8,-4,-9,-5,-8,-5,-8,-5,-8,-5,-8,-5,-8,-6,-7,-5,-7,-5,-7,-5,-7,-6,-7,-6,-6,-5,-6,-5,-6,-5,-5,-5,-5,-5,-5,-5,-4,-5,-4,-5,-4,-5,-3,-5,0,0,0,0,0,0,0,0,0,0"
1766018561.0523756,RX,"0,0,0,0,0,0,0,0,0,0,0,0,-10,3,-11,3,-11,3,-11,2,-10,3,-10,3,-9,3,-9,3,-9,3,-9,4,-9,3,-9,4,-9,4,-8,4,-8,4,-8,4,-8,5,-7,4,-7,5,-7,5,-7,4,-7,5,-6,5,-7,6,-8,5,-7,5,0,0,-7,6,-7,5,-8,5,-7,6,-8,5,-8,5,-8,5,-7,5,-8,4,-7,4,-8,4,-7,4,-7,3,-7,3,-7,3,-7,3,-7,3,-7,3,-7,2,-7,2,-6,2,-6,1,-6,1,-6,1,-6,0,-6,0,0,0,0,0,0,0,0,0,0,0"
1766018561.0638719,RX,"0,0,0,0,0,0,0,0,0,0,0,0,9,5,10,5,10,4,9,5,9,4,9,4,9,3,9,3,9,3,9,2,9,3,9,3,9,2,9,2,8,2,9,2,9,1,8,1,9,0,8,1,8,0,9,0,8,0,9,0,9,1,9,0,0,0,9,0,9,0,9,0,9,1,9,0,9,0,9,0,9,1,9,1,9,1,9,2,8,1,8,2,7,2,7,2,7,2,7,2,6,2,6,2,6,2,6,3,5,3,5,3,5,3,4,3,4,3,0,0,0,0,0,0,0,0,0,0"
1766018561.0753462,RX,"0,0,0,0,0,0,0,0,0,0,0,0,2,10,2,10,3,10,2,10,2,9,2,9,3,9,3,9,3,9,3,8,3,9,4,9,4,8,3,8,3,7,4,8,4,8,4,7,5,7,4,7,4,7,4,7,4,6,5,7,5,7,5,7,0,0,5,7,4,7,5,7,5,8,4,7,4,8,4,7,4,7,3,8,4,7,3,8,3,7,3,7,3,7,2,7,2,7,2,7,1,7,1,7,1,6,1,6,0,6,0,5,0,6,-1,5,-1,5,0,0,0,0,0,0,0,0,0,0"
1766018561.0953028,RX,"0,0,0,0,0,0,0,0,0,0,0,0,-11,-5,-11,-5,-11,-5,-11,-5,-10,-4,-10,-4,-10,-4,-10,-3,-10,-4,-10,-3,-10,-3,-10,-3,-10,-3,-10,-3,-9,-2,-10,-2,-10,-2,-9,-1,-10,-1,-10,-1,-9,-1,-10,-1,-9,-1,-10,0,-10,-1,-10,-1,0,0,-10,-1,-10,-1,-10,-1,-10,-1,-10,-1,-10,-1,-10,-1,-10,-1,-10,-2,-9,-1,-10,-2,-9,-2,-9,-2,-9,-2,-8,-3,-8,-3,-8,-3,-8,-3,-7,-3,-7,-3,-7,-3,-6,-3,-6,-3,-6,-4,-5,-4,-5,-4,0,0,0,0,0,0,0,0,0,0"
1766018561.1161873,RX,"0,0,0,0,0,0,0,0,0,0,0,0,-6,-10,-7,-10,-7,-10,-6,-10,-7,-9,-6,-9,-7,-9,-7,-8,-6,-8,-7,-8,-7,-8,-7,-8,-7,-8,-7,-7,-7,-7,-7,-8,-8,-7,-7,-6,-8,-6,-8,-6,-7,-6,-8,-6,-8,-6,-9,-6,-8,-6,-8,-6,0,0,-9,-6,-8,-6,-8,-6,-9,-6,-8,-6,-8,-6,-8,-6,-8,-6,-7,-7,-7,-7,-7,-7,-6,-6,-6,-6,-6,-6,-6,-7,-6,-7,-5,-7,-5,-7,-5,-6,-5,-6,-4,-6,-4,-6,-4,-6,-3,-6,-3,-6,-2,-6,0,0,0,0,0,0,0,0,0,0"
1766018561.1309292,RX,"0,0,0,0,0,0,0,0,0,0,0,0,4,10,4,10,5,10,4,10,4,9,4,9,4,9,5,8,4,8,5,8,4,8,5,8,5,7,5,7,5,7,5,8,6,7,5,6,6,6,5,6,5,6,6,6,6,6,7,6,6,6,6,7,0,0,7,6,6,6,6,7,7,7,6,6,6,7,5,7,5,7,5,7,5,7,5,7,4,6,4,6,4,6,3,6,3,7,3,7,3,6,2,6,2,6,2,6,2,6,1,6,1,6,1,5,0,5,0,0,0,0,0,0,0,0,0,0"
1766018561.1457846,RX,"0,0,0,0,0,0,0,0,0,0,0,0,11,-2,11,-2,11,-2,11,-1,10,-2,10,-2,10,-2,9,-3,9,-2,9,-3,9,-3,9,-3,9,-3,9,-3,8,-3,9,-3,8,-4,8,-4,8,-5,8,-4,8,-4,8,-4,7,-4,8,-5,8,-4,8,-5,0,0,8,-5,8,-4,9,-4,8,-4,8,-4,9,-4,8,-4,8,-4,8,-3,8,-3,8,-3,8,-3,8,-2,8,-2,7,-2,8,-2,7,-1,7,-1,7,-1,6,-1,6,0,6,0,6,0,6,1,5,1,5,1,0,0,0,0,0,0,0,0,0,0"
1766018561.1603737,RX,"0,0,0,0,0,0,0,0,0,0,0,0,0,-12,-1,-12,-1,-12,0,-11,-1,-11,-1,-11,-1,-11,-2,-10,-1,-11,-2,-10,-1,-10,-2,-11,-2,-10,-2,-10,-2,-9,-3,-10,-3,-10,-3,-9,-4,-9,-3,-9,-3,-9,-4,-9,-4,-9,-4,-9,-4,-9,-4,-10,0,0,-4,-10,-4,-10,-4,-9,-4,-10,-3,-9,-3,-10,-3,-9,-3,-9,-3,-10,-3,-10,-2,-10,-2,-9,-2,-9,-2,-8,-1,-9,-1,-8,-1,-8,-1,-8,0,-8,0,-8,0,-7,0,-7,0,-7,1,-7,1,-6,1,-6,0,0,0,0,0,0,0,0,0,0"
1766018561.1781573,RX,"0,0,0,0,0,0,0,0,0,0,0,0,0,-12,0,-12,-1,-12,0,-11,0,-11,-1,-10,-1,-11,-1,-10,-1,-10,-2,-10,-1,-10,-2,-10,-2,-10,-2,-10,-2,-9,-2,-10,-3,-9,-3,-9,-3,-9,-3,-9,-3,-8,-3,-9,-4,-8,-4,-9,-3,-9,-4,-9,0,0,-4,-9,-3,-9,-4,-9,-4,-10,-3,-9,-3,-9,-3,-9,-3,-9,-3,-9,-3,-10,-2,-10,-2,-8,-2,-8,-2,-8,-1,-9,-1,-9,-1,-8,0,-8,-1,-8,0,-7,0,-7,0,-7,0,-7,1,-7,1,-6,1,-6,0,0,0,0,0,0,0,0,0,0"
1766018561.1924305,RX,"0,0,0,0,0,0,0,0,0,0,0,0,2,-11,2,-11,1,-12,2,-11,2,-11,2,-10,1,-11,1,-10,1,-10,0,-10,1,-10,0,-10,0,-10,0,-10,0,-9,0,-10,-1,-10,-1,-9,-1,-9,-1,-9,-1,-9,-1,-9,-1,-9,-2,-10,-1,-10,-2,-10,0,0,-2,-10,-1,-10,-1,-10,-2,-10,-1,-9,-1,-10,-1,-10,-1,-10,0,-10,0,-10,0,-10,0,-9,0,-8,0,-8,1,-9,1,-8,1,-8,1,-8,1,-7,1,-7,1,-7,1,-7,2,-6,2,-6,2,-5,2,-5,0,0,0,0,0,0,0,0,0,0"
1766018561.2100616,RX,"0,0,0,0,0,0,0,0,0,0,0,0,-11,1,-12,2,-12,2,-12,1,-11,1,-11,2,-11,2,-10,2,-10,2,-10,3,-10,2,-10,3,-10,3,-9,3,-9,3,-10,3,-9,4,-8,3,-9,4,-9,4,-8,4,-9,4,-8,4,-9,5,-9,4,-9,4,0,0,-9,5,-9,4,-9,4,-9,4,-9,4,-9,4,-9,4,-9,4,-9,3,-9,3,-9,3,-9,2,-9,2,-9,2,-8,2,-8,2,-8,1,-8,1,-8,1,-7,1,-7,1,-7,0,-7,0,-7,-1,-6,-1,-6,-1,0,0,0,0,0,0,0,0,0,0"
1766018561.2224655,RX,"0,0,0,0,0,0,0,0,0,0,0,0,9,-7,9,-7,9,-7,9,-7,8,-6,8,-7,8,-7,7,-7,7,-7,7,-7,7,-7,7,-8,7,-7,6,-7,6,-7,6,-8,5,-8,5,-7,5,-8,5,-8,5,-7,5,-8,4,-8,4,-9,5,-8,5,-9,0,0,5,-9,5,-8,5,-9,5,-9,5,-8,5,-8,5,-8,5,-8,5,-7,5,-8,6,-7,5,-7,5,-7,5,-6,5,-6,5,-6,6,-6,5,-6,5,-5,5,-5,5,-5,5,-4,5,-4,5,-3,5,-3,5,-3,0,0,0,0,0,0,0,0,0,0"
1766018561.233845,RX,"0,0,0,0,0,0,0,0,0,0,0,0,10,3,10,3,10,2,10,3,9,2,9,2,9,2,9,1,9,2,9,1,9,1,9,1,9,0,9,1,8,0,9,1,9,0,8,0,9,-1,8,-1,8,-1,9,-1,8,-1,9,-2,9,-1,9,-1,0,0,9,-1,9,-1,9,-1,9,-1,9,-1,9,0,9,0,9,0,8,0,8,0,8,1,8,0,8,1,8,1,7,1,7,1,7,1,7,1,6,2,6,2,6,2,5,2,5,2,5,2,4,2,4,2,0,0,0,0,0,0,0,0,0,0"
1766018561.2471514,RX,"0,0,0,0,0,0,0,0,0,0,0,0,8,-7,9,-8,8,-8,9,-7,8,-7,8,-7,8,-7,7,-7,7,-7,6,-7,7,-7,7,-8,6,-8,6,-7,6,-7,6,-8,5,-9,4,-7,5,-9,5,-8,5,-8,4,-8,4,-8,4,-9,5,-8,5,-9,0,0,4,-9,5,-8,5,-9,4,-9,5,-8,5,-8,5,-8,5,-8,5,-8,5,-8,5,-8,5,-7,5,-7,5,-7,5,-6,5,-7,5,-6,5,-6,5,-5,5,-5,5,-5,5,-4,5,-4,5,-4,5,-3,5,-3,0,0,0,0,0,0,0,0,0,0"
1766018561.2617419,RX,"0,0,0,0,0,0,0,0,0,0,0,0,-9,-7,-9,-7,-10,-6,-9,-7,-9,-6,-9,-6,-9,-6,-9,-6,-8,-6,-9,-5,-8,-5,-9,-5,-9,-5,-9,-4,-8,-4,-9,-4,-9,-4,-8,-3,-9,-3,-9,-4,-8,-4,-9,-3,-8,-3,-10,-2,-9,-3,-9,-3,0,0,-9,-3,-9,-4,-10,-3,-9,-3,-9,-3,-9,-4,-9,-4,-9,-4,-8,-4,-8,-4,-8,-5,-8,-4,-7,-4,-7,-5,-7,-5,-7,-5,-7,-5,-6,-5,-6,-5,-5,-5,-5,-5,-5,-5,-5,-5,-4,-5,-4,-5,-4,-5,0,0,0,0,0,0,0,0,0,0"
1766018561.273531,RX,"0,0,0,0,0,0,0,0,0,0,0,0,10,2,11,2,11,1,10,2,10,2,9,1,10,1,9,0,9,0,9,0,9,1,10,0,9,0,9,0,8,0,9,-1,9,-2,8,-1,9,-2,9,-2,8,-2,9,-2,8,-2,9,-3,9,-2,9,-2,0,0,9,-3,9,-2,9,-2,9,-2,9,-2,9,-2,9,-2,9,-2,9,-1,9,-1,9,0,8,0,8,0,8,0,8,0,7,0,7,1,7,1,7,0,6,0,6,1,6,1,5,1,5,2,5,2,5,2,0,0,0,0,0,0,0,0,0,0"
1766018561.2872186,RX,"0,0,0,0,0,0,0,0,0,0,0,0,11,-1,11,-1,11,-2,11,-1,10,-1,10,-1,10,-2,9,-2,9,-2,9,-3,9,-2,9,-3,9,-3,9,-3,8,-3,9,-3,9,-4,8,-3,8,-4,8,-4,8,-3,8,-4,7,-4,8,-5,8,-4,8,-5,0,0,8,-5,8,-4,9,-5,8,-4,8,-4,9,-4,8,-4,8,-4,8,-3,8,-3,9,-3,8,-3,8,-3,8,-2,7,-2,8,-2,7,-1,7,-1,7,-1,6,-1,6,-1,6,0,6,0,6,0,5,0,5,1,0,0,0,0,0,0,0,0,0,0"
1766018561.3019502,RX,"0,0,0,0,0,0,0,0,0,0,0,0,11,1,11,1,11,1,11,2,10,1,9,1,10,1,9,0,9,0,9,0,9,0,10,0,9,-1,9,-1,8,-1,9,-1,9,-2,8,-2,9,-2,9,-2,8,-2,8,-2,8,-2,9,-3,9,-2,9,-2,0,0,9,-3,9,-2,9,-2,9,-3,9,-2,9,-2,9,-2,9,-2,8,-2,9,-1,9,-1,8,-1,8,-1,8,-1,8,0,8,0,8,0,7,0,7,0,6,0,6,1,6,1,6,1,6,1,5,2,5,2,0,0,0,0,0,0,0,0,0,0"
1766018561.3164606,RX,"0,0,0,0,0,0,0,0,0,0,0,0,-6,9,-6,9,-6,9,-6,9,-6,9,-5,9,-5,9,-5,8,-5,8,-4,8,-5,8,-4,9,-4,8,-4,8,-3,8,-3,9,-3,9,-3,8,-2,9,-2,8,-2,8,-2,8,-2,8,-1,9,-2,8,-2,9,0,0,-1,9,-2,9,-2,9,-2,9,-2,8,-2,9,-3,9,-2,8,-3,8,-3,8,-3,8,-3,7,-3,7,-3,7,-3,7,-3,7,-4,6,-4,6,-4,6,-4,6,-4,5,-4,5,-4,5,-4,4,-4,4,-4,4,0,0,0,0,0,0,0,0,0,0"
1766018561.3339436,RX,"0,0,0,0,0,0,0,0,0,0,0,0,4,-11,4,-11,4,-11,4,-11,4,-10,3,-10,3,-10,3,-10,3,-10,2,-10,2,-10,2,-11,2,-10,2,-10,2,-9,2,-10,1,-10,1,-9,0,-10,0,-9,1,-9,0,-10,0,-9,-1,-10,0,-10,0,-10,0,0,0,-11,1,-10,0,-10,0,-10,1,-10,1,-10,1,-10,1,-9,2,-10,1,-10,2,-10,1,-9,2,-9,2,-8,2,-8,2,-8,2,-8,2,-8,2,-7,3,-7,3,-7,3,-6,3,-6,3,-6,3,-5,3,-5,0,0,0,0,0,0,0,0,0,0"
1766018561.3506036,RX,"0,0,0,0,0,0,0,0,0,0,0,0,-1,10,0,11,0,11,-1,11,0,10,0,10,0,10,0,10,0,9,1,9,1,9,1,9,1,9,1,9,1,8,1,9,2,9,2,8,3,8,2,8,2,7,3,8,3,7,3,8,3,8,3,8,0,0,3,9,3,8,3,9,3,8,3,8,2,8,3,8,2,8,2,8,2,8,1,8,1,7,1,7,1,7,0,7,1,8,0,7,0,7,0,7,0,6,-1,6,-1,6,-1,5,-1,6,-1,5,-2,5,0,0,0,0,0,0,0,0,0,0"
1766018561.365302,RX,"0,0,0,0,0,0,0,0,0,0,0,0,11,-2,11,-2,11,-3,11,-2,10,-2,10,-2,10,-3,9,-3,9,-3,9,-4,10,-3,10,-4,9,-4,9,-4,8,-4,9,-4,8,-5,8,-4,8,-5,8,-5,8,-4,8,-5,7,-5,8,-6,8,-5,8,-5,0,0,8,-6,8,-5,9,-5,8,-5,8,-5,8,-5,9,-5,8,-5,8,-4,8,-5,8,-4,8,-4,8,-3,8,-3,7,-3,8,-3,7,-2,7,-2,7,-2,6,-2,7,-1,6,-1,6,-1,6,0,6,0,5,0,0,0,0,0,0,0,0,0,0,0"
1766018561.380165,RX,"0,0,0,0,0,0,0,0,0,0,0,0,-12,3,-11,3,-12,4,-12,2,-11,3,-10,3,-10,3,-10,4,-10,3,-9,4,-10,3,-10,4,-9,4,-9,4,-9,4,-9,4,-8,5,-8,4,-8,5,-8,5,-8,5,-8,5,-7,5,-8,6,-8,5,-8,6,0,0,-8,6,-8,5,-8,6,-8,6,-8,5,-8,5,-8,5,-8,5,-8,4,-8,4,-9,4,-8,4,-8,3,-8,3,-8,3,-8,3,-8,3,-8,2,-7,2,-7,2,-7,2,-7,1,-7,1,-7,0,-6,0,-6,0,0,0,0,0,0,0,0,0,0,0"
1766018561.3951015,RX,"0,0,0,0,0,0,0,0,0,0,0,0,-11,-5,-11,-5,-12,-4,-11,-5,-11,-4,-10,-4,-10,-4,-10,-3,-10,-3,-10,-2,-10,-3,-11,-2,-10,-2,-10,-2,-9,-2,-10,-2,-10,-1,-9,-1,-10,0,-10,-1,-9,-1,-10,0,-9,0,-10,1,-10,0,-10,0,0,0,-10,0,-10,0,-10,0,-10,0,-10,0,-10,-1,-10,-1,-10,-1,-10,-1,-9,-1,-10,-2,-9,-1,-9,-2,-9,-2,-8,-2,-8,-2,-8,-2,-8,-2,-7,-3,-7,-3,-7,-3,-7,-3,-6,-3,-6,-3,-6,-3,-5,-3,0,0,0,0,0,0,0,0,0,0"
1766018561.4079206,RX,"0,0,0,0,0,0,0,0,0,0,0,0,-6,9,-5,9,-5,10,-6,9,-5,9,-5,9,-4,9,-4,9,-4,9,-3,9,-4,9,-3,9,-3,9,-3,8,-3,8,-3,9,-2,9,-2,8,-1,8,-2,8,-2,8,-1,8,-1,8,-1,9,-2,9,-1,9,0,0,-1,9,-2,9,-2,9,-1,9,-2,8,-2,9,-2,9,-2,8,-2,8,-2,9,-3,8,-3,7,-3,7,-3,7,-3,7,-3,7,-4,7,-3,6,-3,6,-3,6,-4,5,-4,5,-4,5,-4,4,-4,4,-4,4,0,0,0,0,0,0,0,0,0,0"
1766018561.4222903,RX,"0,0,0,0,0,0,0,0,0,0,0,0,3,-12,3,-12,2,-12,3,-11,2,-11,2,-11,2,-11,1,-10,1,-10,0,-10,1,-10,1,-11,1,-10,0,-10,0,-10,0,-10,-1,-10,-1,-9,-1,-10,-1,-10,-1,-9,-1,-9,-2,-9,-2,-10,-1,-10,-2,-11,0,0,-2,-10,-1,-10,-1,-10,-2,-10,-1,-10,-1,-10,-1,-10,-1,-10,-1,-10,-1,-10,0,-10,0,-9,0,-9,0,-9,0,-9,0,-9,1,-8,1,-8,1,-8,1,-7,1,-7,1,-7,1,-6,2,-6,2,-6,2,-6,0,0,0,0,0,0,0,0,0,0"
1766018561.4356182,RX,"0,0,0,0,0,0,0,0,0,0,0,0,7,-9,7,-9,7,-9,8,-8,7,-8,6,-8,6,-8,6,-9,6,-8,5,-9,5,-9,5,-9,5,-9,5,-9,4,-8,5,-9,4,-9,4,-8,3,-9,4,-9,4,-8,4,-9,3,-9,3,-10,3,-9,3,-10,0,0,3,-10,4,-9,4,-10,3,-10,4,-9,4,-9,4,-9,4,-9,4,-9,4,-9,4,-8,4,-7,4,-8,5,-7,5,-7,5,-7,5,-6,4,-6,5,-6,5,-5,4,-5,4,-5,4,-4,4,-4,4,-4,4,-3,0,0,0,0,0,0,0,0,0,0"
1766018561.4511094,RX,"0,0,0,0,0,0,0,0,0,0,0,0,-9,-8,-9,-8,-10,-7,-9,-8,-9,-7,-9,-7,-8,-7,-9,-6,-9,-6,-9,-5,-9,-6,-9,-6,-9,-5,-9,-5,-8,-5,-9,-5,-9,-4,-9,-4,-9,-4,-9,-4,-9,-4,-9,-4,-9,-3,-10,-3,-10,-4,-10,-4,0,0,-10,-4,-10,-4,-10,-4,-10,-4,-9,-4,-10,-4,-9,-4,-9,-4,-9,-5,-9,-4,-9,-5,-8,-4,-8,-5,-8,-5,-7,-5,-7,-5,-7,-5,-7,-5,-6,-5,-6,-5,-6,-5,-5,-5,-5,-5,-5,-5,-4,-5,-4,-5,0,0,0,0,0,0,0,0,0,0"
1766018561.4705377,RX,"0,0,0,0,0,0,0,0,0,0,0,0,10,-5,10,-5,10,-5,10,-4,9,-5,9,-5,9,-5,8,-5,8,-5,8,-5,8,-5,8,-6,8,-6,8,-6,7,-5,8,-6,7,-7,6,-6,7,-7,7,-6,7,-6,6,-7                                                              ,0,0,0,0,0,0,0,0,-10,5,-10,5,-10,5,-10,5,-9,5,-9,5,-9,5,-8,5,-8,5,-8,5,-8,5,-8,6,-8,6,-7,5,-7,5,-7,6,-6,6,-6,6,-6,6,-6,6,-6,6,-6,7,-5,6,-6,7,-6,6,-6,7,0,0,-6,7,-6,7,-6,7,-6,7,-6,7,-6,6,-6,6,-6,6,-6,6,-6,6,-7,6,-6,5,-6,5,-6,5,-6,4,-6,4,-6,4,-6,4,-6,4,-6,3,-6,3,-6,3,-6,2,-6,2,-6,2,-6,1,0,0,0,0,0,0,0,0,0,0"
1766018561.4861805,RX,"0,0,0,0,0,0,0,0,0,0,0,0,-8,-9,-8,-9,-9,-9,-8,-9,-8,-8,-8,-8,-8,-7,-8,-7,-8,-7,-8,-6,-8,-7,-8,-7,-8,-6,-8,-6,-8,-6,-9,-6,-9,-5,-8,-5,-9,-4,-9,-4,-8,-4,-9,-4,-8,-4,-9,-4,-9,-5,-9,-5,0,0,-9,-4,-9,-5,-9,-5,-10,-5,-9,-5,-9,-5,-9,-5,-9,-5,-8,-5,-8,-5,-8,-6,-7,-5,-7,-6,-7,-6,-7,-6,-7,-6,-7,-6,-6,-6,-6,-6,-5,-5,-5,-6,-5,-5,-4,-6,-4,-6,-3,-6,-3,-5,0,0,0,0,0,0,0,0,0,0"
1766018561.4989583,RX,"0,0,0,0,0,0,0,0,0,0,0,0,-2,11,-2,11,-1,11,-2,11,-2,10,-1,10,-1,10,-1,10,-1,10,0,9,-1,10,0,10,0,9,0,9,0,8,1,10,1,9,1,8,2,9,1,8,1,8,2,8,2,8,2,9,2,9,2,9,0,0,2,9,2,9,2,9,2,9,2,8,1,9,1,9,1,9,1,9,1,9,1,9,0,8,0,8,0,8,0,8,-1,8,-1,7,-1,7,-1,7,-1,6,-1,6,-2,6,-2,6,-2,6,-2,5,-2,5,0,0,0,0,0,0,0,0,0,0"
1766018561.510628,RX,"0,0,0,0,0,0,0,0,0,0,0,0,8,6,9,6,9,6,8,6,8,5,8,5,8,5,8,4,8,5,8,4,8,4,8,4,8,3,8,3,8,3,8,4,8,3,8,2,8,2,8,2,8,2,8,2,8,2,9,1,9,2,9,2,0,0,9,2,9,2,9,2,9,2,8,2,8,2,8,2,8,2,8,3,8,3,8,3,7,3,7,3,7,3,6,4,6,4,6,4,6,4,5,4,5,3,5,4,4,4,4,4,4,4,3,4,3,4,0,0,0,0,0,0,0,0,0,0"
1766018561.5235844,RX,"0,0,0,0,0,0,0,0,0,0,0,0,-11,2,-11,2,-12,3,-11,2,-11,2,-10,2,-10,3,-10,3,-10,3,-10,3,-10,3,-10,3,-10,3,-9,3,-9,3,-9,4,-9,4,-8,4,-8,5,-8,5,-8,4,-8,5,-8,5,-8,5,-9,5,-8,5,0,0,-8,5,-9,5,-8,5,-9,5,-8,5,-9,5,-9,4,-9,4,-8,4,-8,4,-9,3,-8,3,-8,3,-8,3,-8,3,-8,2,-8,2,-8,2,-7,2,-7,1,-7,1,-7,1,-7,0,-7,0,-6,0,-6,-1,0,0,0,0,0,0,0,0,0,0"
1766018561.536964,RX,"0,0,0,0,0,0,0,0,0,0,0,0,-11,0,-11,0,-12,1,-12,0,-11,0,-10,0,-10,1,-10,1,-10,1,-10,2,-10,1,-10,2,-10,2,-10,2,-9,2,-10,2,-9,3,-8,3,-9,3,-9,3,-8,3,-9,3,-8,3,-9,4,-9,3,-9,4,0,0,-9,4,-9,4,-9,4,-9,4,-9,3,-9,3,-9,3,-9,3,-9,3,-9,3,-9,2,-8,2,-9,2,-8,2,-8,1,-8,1,-8,1,-8,1,-8,1,-7,0,-7,0,-7,0,-7,-1,-7,-1,-6,-1,-6,-1,0,0,0,0,0,0,0,0,0,0"
1766018561.5482502,RX,"0,0,0,0,0,0,0,0,0,0,0,0,2,10,2,10,3,10,2,10,2,9,2,9,3,9,3,9,2,8,3,8,3,8,3,9,3,8,3,8,3,7,4,8,4,7,4,7,4,7,4,7,4,6,4,7,4,6,5,7,4,7,5,7,0,0,5,7,4,7,5,7,5,7,4,7,4,7,4,7,4,7,4,7,4,7,3,8,3,7,2,7,2,7,2,7,2,7,2,6,2,6,1,6,1,6,1,6,1,5,0,5,0,6,0,5,-1,5,0,0,0,0,0,0,0,0,0,0"
1766018561.5639625,RX,"0,0,0,0,0,0,0,0,0,0,0,0,-8,-8,-8,-8,-9,-8,-8,-8,-8,-7,-8,-8,-8,-7,-8,-7,-8,-7,-8,-6,-8,-7,-9,-6,-9,-6,-8,-6,-8,-5,-8,-6,-9,-5,-8,-4,-9,-4,-9,-4,-8,-4,-9,-4,-8,-4,-10,-3,-9,-4,-9,-4,0,0,-10,-4,-9,-4,-10,-4,-9,-4,-9,-4,-9,-4,-9,-4,-9,-4,-9,-5,-8,-4,-8,-5,-8,-5,-8,-5,-8,-5,-7,-5,-7,-5,-7,-5,-6,-5,-6,-5,-6,-5,-5,-5,-5,-5,-5,-5,-4,-5,-4,-5,-4,-5,0,0,0,0,0,0,0,0,0,0"
1766018561.5757089,RX,"0,0,0,0,0,0,0,0,0,0,0,0,2,10,3,11,3,10,2,10,2,10,3,10,3,9,3,9,3,9,4,8,3,9,4,9,4,8,4,8,4,8,4,8,5,8,4,7,5,7,5,7,5,6,5,7,5,6,6,7,5,7,5,7,0,0,6,7,5,7,5,7,6,7,5,7,5,7,5,7,5,7,4,7,4,7,4,8,4,7,3,7,3,7,3,7,3,7,2,7,2,7,2,6,2,6,1,6,1,6,1,6,0,6,0,5,0,5,0,0,0,0,0,0,0,0,0,0"
1766018561.5896032,RX,"0,0,0,0,0,0,0,0,0,0,0,0,-11,3,-11,3,-11,4,-11,2,-11,3,-10,3,-10,3,-10,4,-10,3,-9,4,-10,3,-10,4,-9,4,-9,4,-9,4,-9,5,-8,5,-8,4,-8,5,-8,5,-8,5,-8,5,-7,5,-8,6,-8,5,-8,6,0,0,-8,6,-8,6,-8,6,-8,6,-8,5,-8,5,-8,5,-8,5,-8,5,-8,5,-9,4,-8,4,-8,4,-8,3,-8,3,-8,3,-8,3,-7,3,-7,2,-7,2,-7,2,-7,1,-7,1,-7,0,-6,0,-6,0,0,0,0,0,0,0,0,0,0,0"
1766018561.6019084,RX,"0,0,0,0,0,0,0,0,0,0,0,0,3,10,3,10,4,10,3,10,3,9,3,9,3,9,3,9,3,9,4,8,3,8,4,9,4,8,4,8,4,7,4,8,5,7,4,7,5,7,5,7,5,6,5,7,5,6,6,7,5,7,6,7,0,0,6,7,5,7,5,7,5,7,5,7,5,7,5,7,4,7,4,8,4,7,4,8,3,7,3,7,3,7,2,7,3,7,2,7,2,7,2,7,1,6,1,6,1,6,1,6,0,6,0,5,-1,5,0,0,0,0,0,0,0,0,0,0"
1766018561.61675,RX,"0,0,0,0,0,0,0,0,0,0,0,0,7,7,7,7,8,7,7,7,7,6,7,6,7,6,7,5,7,5,7,4,7,6,7,5,7,5,7,4,7,4,7,4,8,3,7,3,8,3,7,3,7,3,8,3,7,3,8,3,8,3,8,3,0,0,8,3,8,3,8,3,8,3,8,3,8,3,8,3,7,3,7,4,7,4,7,4,6,4,6,4,6,4,5,4,6,4,5,4,5,4,5,4,4,4,4,4,4,4,3,4,3,4,3,4,2,4,0,0,0,0,0,0,0,0,0,0"
1766018561.6289487,RX,"0,0,0,0,0,0,0,0,0,0,0,0,10,2,11,2,11,2,11,2,10,2,10,2,10,1,9,1,9,1,10,0,9,1,10,0,9,0,9,0,9,0,9,0,9,-1,8,-1,9,-2,9,-1,8,-1,9,-1,8,-2,9,-3,9,-2,9,-2,0,0,9,-2,9,-2,9,-2,9,-2,9,-2,9,-1,9,-1,9,-1,9,-1,9,-1,9,0,8,-1,8,0,8,0,7,1,7,1,7,1,7,1,7,1,6,1,6,1,6,2,5,2,5,2,5,2,4,2,0,0,0,0,0,0,0,0,0,0"
1766018561.641106,RX,"0,0,0,0,0,0,0,0,0,0,0,0,-1,11,-1,11,0,11,-1,11,0,10,0,10,0,10,0,10,0,10,1,9,0,9,1,10,1,9,1,9,1,8,1,9,2,9,2,8,3,8,2,8,2,8,2,8,2,8,3,8,2,8,3,9,0,0,3,9,2,8,3,9,3,9,2,8,2,9,2,9,2,8,2,9,2,8,1,9,1,8,1,8,1,8,0,8,0,8,0,7,0,7,0,7,0,7,-1,6,-1,6,-1,6,-2,6,-2,5,-2,5,0,0,0,0,0,0,0,0,0,0"
1766018561.6605375,RX,"0,0,0,0,0,0,0,0,0,0,0,0,-10,-7,-10,-6,-11,-6,-9,-7,-10,-6,-9,-6,-9,-5,-9,-5,-9,-5,-9,-4,-9,-5,-10,-5,-10,-4,-9,-4,-9,-4,-9,-4,-9,-3,-9,-3,-9,-2,-9,-3,-9,-3,-9,-3,-9,-2,-10,-2,-9,-2,-10,-2,0,0,-10,-2,-10,-3,-10,-3,-10,-3,-9,-2,-10,-3,-9,-3,-9,-3,-9,-4,-9,-3,-9,-4,-8,-3,-8,-4,-8,-4,-7,-4,-7,-4,-7,-4,-7,-4,-7,-4,-6,-4,-6,-4,-6,-5,-5,-4,-5,-5,-4,-4,-4,-5,0,0,0,0,0,0,0,0,0,0"
1766018561.6770763,RX,"0,0,0,0,0,0,0,0,0,0,0,0,-12,1,-12,1,-12,2,-12,1,-12,1,-11,1,-11,2,-10,2,-10,2,-10,2,-10,2,-10,2,-10,3,-10,2,-9,3,-10,3,-9,4,-9,3,-9,4,-9,4,-9,3,-9,4,-8,4,-9,5,-9,4,-9,4,0,0,-9,5,-9,4,-9,4,-9,5,-9,4,-9,4,-9,4,-9,4,-9,3,-9,3,-9,3,-8,2,-8,2,-8,2,-9,2,-8,2,-8,1,-8,1,-8,1,-7,1,-7,0,-7,0,-7,0,-7,-1,-6,-1,-6,-1,0,0,0,0,0,0,0,0,0,0"
1766018561.6967993,RX,"0,0,0,0,0,0,0,0,0,0,0,0,5,9,5,9,6,9,5,9,5,8,5,8,6,8,6,7,5,7,6,7,5,7,6,7,6,7,6,6,5,6,6,7,7,6,6,5,7,5,7,5,6,5,7,5,6,5,7,5,7,5,7,6,0,0,7,5,7,6,7,6,7,6,6,5,6,6,7,6,6,5,6,6,6,6,5,7,5,6,4,6,5,6,4,6,4,6,4,6,3,6,3,5,3,5,3,5,2,5,2,5,1,5,1,5,1,5,0,0,0,0,0,0,0,0,0,0"
1766018561.711356,RX,"0,0,0,0,0,0,0,0,0,0,0,0,1,11,2,11,2,11,1,11,2,10,2,10,2,10,3,9,3,9,3,9,2,9,3,9,3,9,3,8,3,8,4,8,4,8,4,7,4,7,4,7,4,7,5,7,4,7,5,7,4,7,5,8,0,0,5,8,5,7,5,7,5,8,5,7,5,7,5,7,5,7,4,8,4,7,3,8,3,7,3,7,3,7,3,7,2,7,2,7,2,7,2,6,2,6,1,6,1,6,1,6,0,6,0,5,0,5,0,0,0,0,0,0,0,0,0,0"
1766018561.7272522,RX,"0,0,0,0,0,0,0,0,0,0,0,0,11,0,11,0,11,0,11,1,10,0,10,0,10,0,9,-1,9,0,9,-1,9,-1,10,-1,9,-2,9,-2,9,-2,9,-2,9,-3,8,-2,9,-3,8,-2,8,-3,9,-3,8,-3,9,-4,9,-3,9,-3,0,0,9,-4,9,-3,9,-3,9,-3,9,-3,9,-3,9,-3,8,-3,8,-2,8,-2,9,-2,8,-2,8,-1,8,-1,7,-1,8,-1,7,0,7,-1,7,0,6,0,6,0,6,0,6,0,6,1,5,1,5,1,0,0,0,0,0,0,0,0,0,0"
1766018561.740368,RX,"0,0,0,0,0,0,0,0,0,0,0,0,-9,7,-8,7,-9,7,-9,6,-8,6,-8,7,-7,7,-7,6,-7,6,-6,7,-7,6,-7,7,-6,7,-6,7,-6,6,-6,7,-5,7,-5,7,-5,7,-5,7,-5,7,-5,7,-4,7,-4,8,-5,7,-5,8,0,0,-4,8,-5,7,-5,8,-5,8,-5,7,-5,7,-5,7,-5,7,-5,7,-5,7,-6,7,-5,6,-6,5,-6,5,-6,5,-6,5,-6,5,-6,5,-6,4,-5,4,-6,4,-5,3,-6,3,-6,3,-5,2,-5,2,0,0,0,0,0,0,0,0,0,0"
1766018561.7529402,RX,"0,0,0,0,0,0,0,0,0,0,0,0,-10,4,-10,4,-10,5,-10,4,-10,4,-9,4,-9,5,-9,4,-8,4,-8,5,-9,4,-8,5,-8,5,-8,5,-7,5,-8,5,-7,6,-7,5,-7,6,-7,6,-7,5,-7,6,-6,5,-6,6,-7,6,-7,6,0,0,-7,6,-7,6,-7,6,-7,6,-7,5,-7,6,-7,6,-7,5,-7,5,-7,5,-8,5,-7,4,-7,4,-7,4,-7,3,-7,3,-7,3,-7,3,-7,3,-6,2,-6,2,-6,2,-6,1,-6,1,-6,1,-6,0,0,0,0,0,0,0,0,0,0,0"
1766018561.764395,RX,"0,0,0,0,0,0,0,0,0,0,0,0,3,10,3,10,4,10,3,10,3,9,3,9,3,9,3,9,3,9,4,8,4,8,4,9,4,8,4,8,4,7,4,8,5,8,4,7,5,7,5,7,4,7,5,7,5,6,6,7,5,7,6,7,0,0,6,7,5,7,5,7,6,7,5,7,5,7,5,7,5,7,4,8,4,7,4,8,3,7,3,7,3,7,2,7,2,7,2,7,2,7,2,7,1,6,1,6,1,6,0,6,0,6,0,5,-1,5,0,0,0,0,0,0,0,0,0,0"
1766018561.7761488,RX,"0,0,0,0,0,0,0,0,0,0,0,0,3,10,4,10,4,10,3,10,3,9,3,9,4,9,4,8,4,8,4,8,4,9,4,8,4,8,4,8,4,7,5,8,6,7,5,7,6,6,5,6,5,6,6,6,5,6,6,6,6,7,6,7,0,0,6,7,6,7,6,7,6,7,6,7,6,7,6,7,5,6,5,7,5,7,5,7,4,6,4,7,4,7,3,7,3,7,3,7,3,7,3,6,2,6,2,6,2,6,1,6,1,6,0,5,0,5,0,0,0,0,0,0,0,0,0,0"
1766018561.7906873,RX,"0,0,0,0,0,0,0,0,0,0,0,0,-11,4,-11,4,-11,5,-11,4,-10,4,-10,4,-9,4,-9,4,-9,4,-9,5,-9,5,-9,5,-9,5,-8,5,-8,5,-8,5,-8,6,-7,5,-7,6,-7,6,-7,5,-7,6,-6,6,-7,7,-7,6,-7,7,0,0,-7,7,-7,7,-7,7,-7,7,-7,6,-7,6,-8,6,-7,6,-7,6,-7,6,-7,5,-7,5,-7,5,-7,4,-7,4,-7,4,-7,4,-7,4,-7,3,-7,3,-6,3,-6,2,-6,2,-6,2,-6,1,-6,1,0,0,0,0,0,0,0,0,0,0"
1766018561.8070085,RX,"0,0,0,0,0,0,0,0,0,0,0,0,-12,-1,-11,-1,-12,0,-11,-1,-11,-1,-11,0,-11,0,-10,0,-10,0,-10,1,-10,0,-10,1,-10,1,-10,1,-9,1,-10,1,-9,2,-9,2,-9,2,-9,2,-9,2,-9,3,-9,2,-9,3,-9,2,-9,3,0,0,-9,3,-10,3,-10,3,-10,3,-9,2,-10,2,-10,2,-9,2,-9,2,-9,1,-10,1,-9,1,-9,0,-8,0,-9,0,-8,0,-8,0,-8,0,-8,0,-7,-1,-7,-1,-7,-1,-7,-1,-7,-2,-6,-2,-6,-2,0,0,0,0,0,0,0,0,0,0"
1766018561.8210936,RX,"0,0,0,0,0,0,0,0,0,0,0,0,10,3,10,2,11,2,10,3,10,2,10,2,10,2,9,1,9,1,9,0,9,1,10,0,10,0,9,0,9,0,9,0,9,-1,8,-1,9,-1,9,-1,8,-1,9,-2,8,-2,9,-2,9,-1,9,-2,0,0,9,-2,9,-1,9,-2,9,-2,9,-1,9,-1,9,-1,9,-1,9,-1,8,-1,9,0,8,0,8,0,8,0,8,1,8,1,7,1,7,1,7,1,6,1,6,1,6,1,6,2,5,2,5,2,4,2,0,0,0,0,0,0,0,0,0,0"
1766018561.8370137,RX,"0,0,0,0,0,0,0,0,0,0,0,0,-8,8,-8,8,-8,9,-8,8,-8,7,-7,7,-7,8,-7,8,-7,7,-6,8,-7,7,-6,8,-6,8,-6,7,-5,7,-6,8,-5,8,-4,8,-4,8,-4,8,-5,7,-4,8,-4,8,-4,9,-4,8,-4,9,0,0,-4,9,-4,8,-4,9,-4,9,-5,8,-5,8,-5,8,-5,8,-5,8,-5,8,-5,8,-5,7,-5,6,-5,6,-5,6,-5,6,-6,6,-6,5,-5,5,-5,5,-5,4,-5,4,-5,3,-6,3,-5,3,-5,2,0,0,0,0,0,0,0,0,0,0"
1766018561.8559887,RX,"0,0,0,0,0,0,0,0,0,0,0,0,-10,6,-10,6,-10,7,-10,5,-10,6,-9,5,-9,6,-8,6,-8,6,-8,6,-8,6,-8,6,-8,6,-7,6,-7,6,-7,7,-6,7,-6,7,-6,7,-6,7,-6,7,-6,7,-5,7,-6,8,-6,7,-6,8,0,0,-6,8,-6,7,-6,8,-6,8,-6,7,-6,7,-6,7,-6,7,-6,7,-6,7,-7,6,-6,6,-7,5,-7,5,-7,5,-6,5,-7,5,-7,4,-6,4,-6,4,-6,4,-6,3,-6,3,-6,2,-6,2,-6,2,0,0,0,0,0,0,0,0,0,0"
1766018561.8817832,RX,"0,0,0,0,0,0,0,0,0,0,0,0,3,-12,2,-12,2,-12,3,-11,2,-11,2,-11,2,-11,1,-10,1,-10,1,-10,1,-11,1,-11,0,-10,0,-10,0,-9,0,-11,-1,-10,0,-9,-1,-10,-1,-10,-1,-9,-1,-10,-1,-9,-2,-10,-1,-10,-1,-10,0,0,-1,-10,-1,-10,-1,-10,-1,-10,-1,-10,-1,-10,-1,-10,-1,-10,0,-10,0,-10,0,-10,0,-9,1,-9,1,-9,1,-9,1,-9,1,-8,1,-8,1,-8,2,-7,2,-7,2,-7,2,-6,2,-6,2,-6,2,-5,0,0,0,0,0,0,0,0,0,0"
1766018561.9046419,RX,"0,0,0,0,0,0,0,0,0,0,0,0,4,-11,4,-11,4,-11,4,-11,3,-10,3,-10,3,-10,2,-10,3,-10,2,-10,2,-10,2,-10,1,-10,1,-10,1,-9,1,-10,0,-10,0,-9,0,-10,0,-9,0,-9,0,-9,0,-9,-1,-10,0,-10,0,-10,0,0,-1,-10,0,-10,0,-10,0,-10,0,-10,0,-10,0,-10,0,-9,1,-10,0,-10,1,-10,1,-8,1,-9,1,-8,2,-8,2,-8,2,-8,2,-8,2,-7,2,-7,2,-7,2,-6,2,-6,3,-6,3,-5,3,-5,0,0,0,0,0,0,0,0,0,0"
1766018561.926987,RX,"0,0,0,0,0,0,0,0,0,0,0,0,-12,-3,-11,-2,-12,-2,-11,-3,-11,-2,-11,-2,-11,-2,-10,-1,-10,-2,-10,-1,-10,-1,-11,-1,-10,-1,-10,-1,-9,-1,-10,0,-10,0,-9,0,-9,1,-10,1,-9,0,-10,1,-9,1,-10,1,-10,1,-10,1,0,0,-10,1,-10,1,-10,1,-10,1,-10,0,-10,0,-10,0,-10,0,-9,0,-9,0,-10,-1,-9,-1,-9,-1,-9,-1,-8,-1,-8,-2,-8,-2,-8,-2,-8,-2,-7,-2,-7,-2,-7,-3,-6,-3,-6,-3,-6,-3,-5,-3,0,0,0,0,0,0,0,0,0,0"
1766018561.9432514,RX,"0,0,0,0,0,0,0,0,0,0,0,0,0,11,1,11,1,11,0,11,1,10,1,10,1,10,1,9,1,9,2,9,1,9,2,9,2,9,2,8,2,8,2,9,3,8,3,8,3,8,3,8,3,7,3,8,3,7,4,8,3,8,4,8,0,0,4,8,3,8,4,8,4,8,3,8,3,8,3,8,3,8,3,8,3,8,2,8,2,7,2,7,2,7,1,7,1,7,1,7,1,7,0,7,0,6,0,6,0,6,-1,5,-1,6,-1,5,-1,5,0,0,0,0,0,0,0,0,0,0"
1766018561.9577243,RX,"0,0,0,0,0,0,0,0,0,0,0,0,10,-5,10,-5,10,-5,10,-4,9,-5,9,-5,9,-5,8,-5,8,-5,8,-5,8,-5,8,-6,8,-6,7,-5,7,-5,8,-6,7,-7,6,-6,7,-7,7,-6,6,-6,6,-7,6,-6,6,-7,7,-6,6,-7,0,0,6,-7,7,-7,7,-7,7,-7,6,-6,7,-6,7,-6,7,-6,7,-6,7,-6,7,-5,7,-5,7,-4,7,-4,6,-4,7,-4,7,-4,6,-3,6,-3,6,-3,6,-3,6,-2,6,-2,5,-1,5,-1,5,-1,0,0,0,0,0,0,0,0,0,0"
1766018561.9717867,RX,"0,0,0,0,0,0,0,0,0,0,0,0,-8,-9,-8,-9,-8,-9,-8,-9,-8,-8,-8,-8,-8,-8,-8,-7,-8,-7,-8,-7,-8,-7,-8,-7,-8,-7,-8,-6,-8,-6,-8,-6,-9,-5,-8,-5,-8,-5,-8,-5,-8,-5,-9,-5,-8,-4,-9,-4,-9,-5,-9,-5,0,0,-9,-5,-9,-5,-9,-5,-9,-5,-9,-5,-9,-5,-9,-5,-8,-5,-8,-6,-8,-6,-8,-6,-7,-5,-7,-5,-7,-6,-6,-6,-6,-6,-6,-6,-6,-6,-5,-6,-5,-6,-5,-6,-4,-6,-4,-6,-4,-6,-3,-5,-3,-5,0,0,0,0,0,0,0,0,0,0"
1766018561.9828966,RX,"0,0,0,0,0,0,0,0,0,0,0,0,2,10,2,11,3,11,2,11,2,10,2,10,3,10,3,9,3,9,3,9,3,9,4,9,4,9,3,8,3,8,4,9,5,8,4,7,5,7,4,7,4,7,5,7,4,7,5,7,5,7,5,8,0,0,6,7,5,8,5,7,5,8,5,7,5,7,5,7,4,7,4,8,4,8,3,8,3,7,3,7,3,7,2,7,2,7,2,7,2,7,2,7,1,6,1,6,1,6,1,6,0,6,0,5,0,5,0,0,0,0,0,0,0,0,0,0"
1766018561.9943225,RX,"0,0,0,0,0,0,0,0,0,0,0,0,10,3,10,2,11,2,10,3,10,2,9,2,9,2,9,1,9,1,9,1,9,1,9,1,9,0,9,0,8,0,9,0,9,-1,8,-1,8,-1,8,-1,8,-1,8,-1,8,-1,9,-2,9,-1,9,-1,0,0,9,-2,9,-1,9,-1,9,-1,8,-1,9,-1,9,-1,8,-1,8,-1,8,-1,8,0,7,0,7,0,7,0,7,1,7,1,7,1,7,1,6,1,6,1,6,1,5,1,5,2,5,2,4,20,0,0,0,0"
1766018562.2561812,RX,"0,0,0,0,0,0,0,0,0,0,0,0,-11,3,-11,3,-11,4,-11,3,-10,3,-10,3,-10,4,-10,4,-10,4,-9,4,-9,4,-9,5,-9,4,-9,4,-8,4,-9,5,-8,6,-7,5,-8,5,-8,5,-8,5,-8,6,-7,5,-7,6,-8,6,-8,6,0,0,-8,6,-8,6,-8,6,-8,6,-8,5,-8,5,-,-5,8,-4,8,-4,7,-4,8,-4,7,-4,7,-4,8,-3,7,-3,8,-4,8,-4,8,0,0,-3,8,-4,8,-4,8,-4,9,-4,7,-4,8,-4,8,-4,7,-4,7,-4,8,-5,7,-4,6,-4,6,8,-4,8,-4,8,-4,9,-4,7,-4,8,-4,8,-4,7,-4,7,-4,8,-5,7,-4,6,-4,6,8,-4,8,-4,8,-4,9,-4,7,-4,8,-4,8,-4,7,-4,7,-4,8,-5,7,-4,6,-4,6,8,-4,8,-4,8,-4,9,-4,7,-4,8,-4,8,-4,7,-4,7,-4,8,-5,7,-4,6,-4,6,8,-4,8,-4,8,-4,9,-4,7,-4,8,-4,8,-4,7,-4,7,-4,8,-5,7,-4,6,-4,6,8,-4,8,-4,8,-4,9,-4,7,-4,8,-4,8,-4,7,-4,7,-4,8,-5,7,-4,6,-4,6,8,-4,8,-4,8,-4,9,-4,7,-4,8,-4,8,-4,7,-4,7,-4,8,-5,7,-4,6,-4,6,8,-4,8,-4,8,-4,9,-4,7,-4,8,-4,8,-4,7,-4,7,-4,8,-5,7,-4,6,-4,6,8,-4,8,-4,8,-4,9,-4,7,-4,8,-4,8,-4,7,-4,7,-4,8,-5,7,-4,6,-4,6,8,-4,8,-4,8,-4,9,-4,7,-4,8,-4,8,-4,7,-4,7,-4,8,-5,7,-4,6,-4,6,8,-4,8,-4,8,-4,9,-4,7,-4,8,-4,8,-4,7,-4,7,-4,8,-5,7,-4,6,-4,6,8,-4,8,-4,8,-4,9,-4,7,-4,8,-4,8,-4,75,4,-5,4,-5,3,-5,3,-5,3,-,-4,6,-5,6,-5,6,-5,5,-5,5,-5,5,-5,5,-5,4,-5,4,-5,3,-5,3,-5,3,-,-4,6,-5,6,-5,6,-5,5,-5,5,-5,5,-5,5,-5,4,-5,4,-5,3,-5,3,-5,3,-,-4,6,-5,6,-5,6,-5,5,-5,5,-5,5,-5,5,-5,4,-5,4,-5,3,-5,3,-5,3,-,-4,6,-5,6,-5,6,-5,5,-5,5,-5,5,-5,5,-5,4,-5,4,-5,3,-5,3,-5,3,-,-4,6,-5,6,-5,6,-5,5,-5,5,-5,5,-5,5,-5,4,-5,4,-5,3,-5,3,-5,3,-,-4,6,-5,6,-5,6,-5,5,-5,5,-5,5,-5,5,-5,4,-5,4,-5,3,-5,3,-5,3,-,-4,6,-5,6,-5,6,-5,5,-5,5,-5,5,-5,5,-5,4,-5,4,-5,3,-5,3,-5,3,-,-4,6,-5,6,-5,6,-5,5,-5,5,-5,5,-5,5,-5,4,-5,4,-5,3,-5,3,-5,3,-,-4,6,-5,6,-5,6,-5,5,-5,5,-5,5,-5,5,-5,4,-5,4,-5,3,-5,3,-5,3,-,-4,6,-5,6,-5,6,-5,5,-5,5,-5,5,-5,5,-5,4,-5,4,-5,3,-5,3,-5,3,-,-4,6,-5,6,-5,6,-5,5,-5,5,-5,5,-5,5,-5,4,-5,4,-5,3,-5,3,-5,3,-5,2,0,0,0,0,0,0,0,0,0,0"
1766018562.2742262,RX,"0,0,0,0,0,0,0,0,0,0,0,0,6,-10,6,-10,6,-11,6,-10,5,-10,5,-9,5,-10,4,-10,4,-10,4,-10,4,-9,4,-10,4,-10,3,-9,3,-9,3,-10,2,-10,2,-9,1,-10,2,-10,2,-9,1,-10,1,-9,1,-10,2,-10,1,-10,0,0,1,-10,2,-10,1,-10,1,-11,1,-9,2,-10,2,-10,2,-9,2,-10,2,-10,3,-9,2,-8,3,-8,3,-8,3,-8,3,-8,3,-8,3,-7,3,-7,3,-7,3,-6,3,-6,3,-6,4,-5,3,-5,3,-5,0,0,0,0,0,0,0,0,0,0"
1766018562.290319,RX,"0,0,0,0,0,0,0,0,0,0,0,0,-12,0,-12,0,-13,1,-12,0,-12,0,-11,0,-11,1,-10,1,-10,1,-11,2,-10,1,-11,2,-10,2,-10,2,-9,2,-10,2,-10,3,-9,3,-9,3,-9,3,-9,3,-9,3,-9,3,-9,4,-10,3,-10,3,0,0,-10,4,-10,3,-10,3,-10,4,-9,3,-10,3,-10,3,-9,3,-10,2,-9,2,-10,2,-9,1,-9,1,-9,1,-9,1,-9,1,-9,0,-8,0,-8,0,-8,0,-7,0,-7,-1,-7,-1,-7,-1,-6,-1,-6,-2,0,0,0,0,0,0,0,0,0,0"
1766018562.3029637,RX,"0,0,0,0,0,0,0,0,0,0,0,0,10,2,10,2,10,2,10,3,9,2,9,2,9,1,9,1,9,1,9,0,9,1,9,0,9,0,9,0,8,0,9,0,9,-1,8,-1,9,-2,8,-1,8,-1,8,-2,8,-1,9,-2,9,-2,9,-2,0,0,9,-2,9,-2,9,-2,9,-2,9,-2,9,-1,9,-1,9,-1,8,-1,8,-1,8,0,8,0,8,0,8,0,7,0,7,1,7,1,7,0,6,1,6,1,6,1,6,1,5,1,5,2,5,2,4,2,0,0,0,0,0,0,0,0,0,0"
1766018562.3215847,RX,"0,0,0,0,0,0,0,0,0,0,0,0,1,-12,1,-12,0,-12,1,-11,0,-11,0,-11,0,-11,-1,-11,-1,-11,-1,-10,-1,-11,-1,-11,-2,-10,-1,-10,-2,-9,-2,-10,-3,-10,-3,-9,-3,-9,-3,-9,-2,-9,-3,-9,-3,-9,-4,-9,-3,-9,-3,-10,0,0,-4,-10,-3,-10,-3,-10,-4,-10,-3,-9,-3,-10,-3,-10,-3,-9,-3,-9,-3,-10,-2,-10,-2,-9,-2,-9,-2,-9,-1,-9,-1,-9,-1,-8,-1,-8,-1,-8,-1,-7,0,-7,0,-7,0,-7,0,-7,1,-6,1,-6,0,0,0,0,0,0,0,0,0,0"
1766018562.3390253,RX,"0,0,0,0,0,0,0,0,0,0,0,0,-8,8,-8,7,-8,8,-8,7,-8,7,-7,7,-7,7,-6,7,-7,7,-6,8,-6,8,-6,8,-5,8,-5,7,-5,7,-5,8,-4,8,-4,7,-4,8,-4,8,-4,7,-4,8,-4,8,-3,8,-4,8,-4,8,0,0,-4,8,-4,8,-4,8,-4,9,-4,8,-5,8,-5,8,-5,8,-5,7,-4,8,-5,7,-4,7,-5,6,-5,6,-5,6,-5,6,-6,6,-5,5,-5,5,-5,5,-5,4,-5,4,-5,4,-5,3,-5,3,-5,3,0,0,0,0,0,0,0,0,0,0"
1766018562.354492,RX,"0,0,0,0,0,0,0,0,0,0,0,0,10,1,11,1,11,0,11,1,10,1,10,1,9,0,9,0,9,0,9,-1,9,0,9,-1,9,-1,9,-1,8,-1,9,-1,9,-2,8,-2,9,-3,8,-2,8,-2,8,-3,7,-3,8,-4,8,-3,9,-3,0,0,9,-4,8,-3,9,-3,8,-3,8,-3,9,-3,9,-3,8,-2,8,-2,8,-2,8,-2,8,-2,8,-1,8,-1,7,-1,7,-1,7,-1,7,-1,7,0,6,0,6,0,6,0,5,0,6,1,5,1,5,1,0,0,0,0,0,0,0,0,0,0"
1766018562.3723958,RX,"0,0,0,0,0,0,0,0,0,0,0,0,-9,-7,-9,-7,-10,-6,-9,-7,-9,-6,-9,-6,-9,-5,-9,-5,-9,-5,-9,-4,-9,-5,-9,-4,-9,-4,-9,-4,-8,-4,-9,-4,-9,-3,-8,-3,-9,-3,-9,-3,-9,-3,-9,-2,-8,-2,-10,-2,-9,-2,-9,-2,0,0,-10,-2,-10,-2,-10,-2,-10,-2,-9,-2,-9,-2,-9,-3,-9,-3,-9,-3,-9,-3,-9,-3,-8,-3,-8,-3,-8,-3,-7,-4,-7,-4,-7,-4,-7,-4,-7,-4,-6,-4,-6,-4,-6,-4,-5,-4,-5,-4,-5,-4,-4,-4,0,0,0,0,0,0,0,0,0,0"
1766018562.3847964,RX,"0,0,0,0,0,0,0,0,0,0,0,0,-6,9,-6,10,-5,10,-6,9,-5,8,-5,9,-5,9,-4,9,-4,8,-4,8,-4,8,-4,9,-4,8,-4,8,-3,8,-3,9,-3,9,-3,8,-2,9,-2,8,-2,8,-2,8,-2,8,-2,9,-2,8,-2,9,0,0,-2,9,-2,8,-2,9,-2,9,-2,8,-3,8,-3,8,-3,8,-3,8,-3,8,-4,8,-3,7,-3,7,-4,7,-4,7,-4,7,-4,6,-4,6,-4,6,-4,5,-4,5,-4,5,-4,4,-4,4,-4,4,-5,3,0,0,0,0,0,0,0,0,0,0"
1766018562.3981214,RX,"0,0,0,0,0,0,0,0,0,0,0,0,10,-5,10,-5,10,-5,10,-4,9,-5,9,-5,9,-5,8,-5,8,-5,8,-6,9,-5,8,-6,8,-6,7,-6,7,-5,8,-6,7,-7,6,-6,6,-7,7,-6,6,-6,6,-7,6,-7,6,-8,7,-7,7,-7,0,0,6,-8,7,-7,7,-7,7,-7,7,-7,7,-7,7,-7,7,-7,7,-6,7,-6,7,-6,6,-5,7,-5,7,-5,7,-4,7,-4,7,-4,6,-4,6,-4,6,-3,6,-3,6,-3,5,-2,6,-2,5,-2,5,-1,0,0,0,0,0,0,0,0,0,0"
1766018562.4114192,RX,"0,0,0,0,0,0,0,0,0,0,0,0,-11,4,-10,4,-11,5,-11,4,-10,4,-10,4,-9,5,-9,5,-9,4,-9,5,-9,4,-9,5,-9,5,-8,5,-8,5,-9,6,-7,6,-7,5,-7,6,-7,6,-7,5,-7,6,-7,6,-7,7,-8,6,-7,6,0,0,-7,7,-8,6,-7,6,-7,7,-7,6,-8,6,-8,6,-7,6,-7,5,-8,5,-8,5,-8,4,-8,4,-7,4,-8,3,-7,3,-8,3,-7,3,-7,3,-7,2,-7,2,-7,2,-7,1,-7,1,-6,0,-6,0,0,0,0,0,0,0,0,0,0,0"
1766018562.424401,RX,"0,0,0,0,0,0,0,0,0,0,0,0,10,3,10,3,10,3,10,4,9,3,9,3,9,3,9,2,9,2,9,1,9,2,9,1,9,1,9,1,8,1,9,1,9,0,8,0,9,0,9,0,8,0,9,0,8,-1,9,-1,9,-1,9,-1,0,0,9,-1,9,0,9,-1,9,0,9,0,9,0,9,0,8,0,8,0,8,0,8,1,8,0,8,1,8,1,7,1,7,1,7,2,7,2,6,2,6,2,6,2,5,2,5,2,5,2,4,2,4,3,0,0,0,0,0,0,0,0,0,0"
1766018562.443963,RX,"0,0,0,0,0,0,0,0,0,0,0,0,-3,-12,-3,-11,-4,-12,-3,-11,-3,-11,-3,-10,-4,-11,-4,-10,-4,-10,-4,-10,-3,-10,-4,-10,-4,-10,-4,-9,-4,-9,-5,-10,-5,-9,-5,-8,-6,-8,-5,-8,-5,-8,-6,-8,-6,-8,-6,-8,-5,-9,-6,-9,0,0,-6,-8,-6,-9,-6,-8,-6,-9,-6,-8,-5,-8,-6,-8,-5,-8,-5,-8,-5,-9,-4,-9,-4,-8,-4,-8,-4,-8,-3,-8,-4,-8,-3,-8,-3,-8,-3,-8,-3,-7,-2,-7,-2,-7,-2,-7,-1,-7,-1,-6,0,-6,0,0,0,0,0,0,0,0,0,0"
1766018562.463884,RX,"0,0,0,0,0,0,0,0,0,0,0,0,-10,4,-11,4,-11,5,-11,4,-10,4,-10,4,-10,5,-9,5,-9,5,-9,5,-9,5,-9,5,-8,5,-8,5,-8,5,-8,5,-7,6,-7,5,-7,6,-7,6,-7,5,-7,6,-6,6,-7,7,-7,6,-7,7,0,0,-7,7,-7,6,-7,6,-7,6,-7,6,-7,6,-7,6,-7,6,-7,5,-7,5,-8,5,-7,4,-7,4,-7,4,-7,4,-7,4,-7,3,-7,3,-7,3,-6,3,-7,2,-6,2,-6,1,-6,1,-6,1,-6,1,0,0,0,0,0,0,0,0,0,0"
1766018562.4827123,RX,"0,0,0,0,0,0,0,0,0,0,0,0,10,2,11,2,11,1,11,2,10,1,10,1,10,1,9,0,9,0,9,-1,9,0,10,0,9,-1,9,-1,9,-1,9,-1,9,-2,8,-2,9,-2,9,-2,8,-2,9,-2,8,-2,9,-3,9,-3,9,-3,0,0,9,-3,9,-2,9,-3,9,-3,9,-2,9,-2,9,-2,9,-2,8,-1,8,-2,9,-1,8,-1,8,-1,8,-1,7,0,8,0,7,0,7,0,7,0,6,0,6,0,6,1,6,1,6,1,5,1,5,2,0,0,0,0,0,0,0,0,0,0"
1766018562.4993339,RX,"0,0,0,0,0,0,0,0,0,0,0,0,-8,-9,-8,-9,-9,-9,-8,-9,-8,-8,-8,-8,-8,-8,-8,-7,-8,-7,-8,-7,-8,-7,-8,-7,-8,-6,-8,-6,-8,-6,-8,-6,-9,-5,-8,-5,-9,-5,-9,-5,-8,-5,-9,-5,-8,-4,-9,-4,-9,-5,-9,-5,0,0,-9,-5,-9,-5,-9,-5,-10,-5,-9,-5,-9,-5,-9,-5,-9,-5,-8,-6,-8,-6,-8,-6,-7,-5,-7,-6,-7,-6,-7,-6,-6,-6,-6,-6,-6,-6,-5,-6,-5,-5,-5,-6,-4,-6,-4,-6,-4,-6,-3,-6,-3,-6,0,0,0,0,0,0,0,0,0,0"
1766018562.5146458,RX,"0,0,0,0,0,0,0,0,0,0,0,0,-11,-2,-12,-2,-12,-2,-12,-2,-11,-2,-11,-2,-11,-1,-10,-1,-10,-1,-10,-1,-10,-1,-10,-1,-10,0,-10,-1,-9,0,-10,0,-10,1,-9,0,-10,1,-9,1,-9,1,-9,1,-9,1,-10,2,-10,1,-10,1,0,0,-10,2,-10,1,-10,1,-10,1,-10,1,-10,1,-10,1,-10,1,-10,0,-9,0,-10,0,-9,0,-9,-1,-9,-1,-8,-1,-9,-1,-8,-1,-8,-1,-8,-1,-7,-2,-7,-2,-7,-2,-6,-2,-6,-3,-6,-3,-6,-3,0,0,0,0,0,0,0,0,0,0"
1766018562.527461,RX,"0,0,0,0,0,0,0,0,0,0,0,0,9,-7,9,-7,9,-7,9,-6,8,-7,8,-7,8,-7,7,-7,7,-7,6,-7,7,-7,7,-8,6,-7,6,-7,6,-7,6,-8,5,-8,5,-7,5,-8,5,-8,5,-7,4,-8,4,-8,4,-9,5,-8,5,-9,0,0,4,-9,5,-9,5,-9,4,-9,5,-8,5,-9,5,-8,5,-8,5,-8,5,-8,6,-7,5,-7,5,-7,5,-7,5,-6,5,-6,5,-6,5,-6,5,-5,5,-5,5,-5,5,-4,5,-4,5,-4,4,-3,4,-3,0,0,0,0,0,0,0,0,0,0"
1766018562.5408409,RX,"0,0,0,0,0,0,0,0,0,0,0,0,-11,-3,-12,-4,-11,-3,-11,-4,-10,-3,-11,-3,-10,-3,-10,-2,-10,-2,-10,-1,-10,-2,-10,-2,-10,-1,-10,-1,-10,-1,-10,-1,-10,0,-9,0,-10,0,-10,0,-9,0,-10,0,-9,0,-10,1,-10,1,-10,1,0,0,-                                                              5,-6,-5,-6,-5,-6,-4,-6,-4,-6,-4,-6,-3,-6,-3,-5,0,0,0,0,0,0,0,0,0,0"
1766018562.5542567,RX,"0,0,0,0,0,0,0,0,0,0,0,0,-4,10,-4,10,-4,10,-5,10,-4,9,-4,9,-3,9,-3,9,-3,9,-2,9,-3,9,-2,10,-2,9,-2,9,-2,8,-2,9,-1,9,-1,8,0,9,-1,8,-1,8,-1,8,0,8,0,9,0,9,0,9,0,0,0,9,-1,9,0,9,0,9,-1,9,-1,9,-1,9,-1,8,-1,9,-1,8,-2,9,-2,7,-2,7,-2,8,-2,7,-3,8,-3,7,-3,7,-3,6,-3,6,-3,6,-3,5,-3,5,-3,5,-3,5,-4,4,0,0,0,0,0,0,0,0,0,0"
1766018562.5659776,RX,"0,0,0,0,0,0,0,0,0,0,0,0,1,11,1,10,2,11,1,10,1,10,1,10,2,10,2,9,2,9,3,9,2,9,2,9,3,9,2,8,2,8,3,9,4,8,3,8,4,7,3,8,3,7,4,8,4,7,4,7,4,8,4,8,0,0,4,8,4,8,4,8,4,8,3,7,4,8,3,8,3,8,3,8,3,8,2,8,2,7,2,7,1,7,1,7,1,7,1,7,0,7,0,7,0,6,0,6,0,6,-1,6,-1,6,-1,5,-2,5,0,0,0,0,0,0,0,0,0,0"
1766018562.5903926,RX,"0,0,0,0,0,0,0,0,0,0,0,0,-11,-2,-11,-2,-12,-2,-12,-2,-11,-2,-11,-2,-11,-2,-10,-1,-10,-1,-10,-1,-10,-1,-11,-1,-10,-1,-10,-1,-9,0,-10,0,-10,1,-9,0,-10,1,-9,1,-9,1,-9,1,-9,1,-10,2,-10,1,-10,1,0,0,-10,2,-10,1,-10,1,-10,1,-10,1,-10,1,-10,1,-10,1,-10,0,-9,0,-10,0,-9,-1,-9,-1,-9,-1,-8,-1,-8,-1,-8,-1,-8,-1,-8,-2,-7,-2,-7,-2,-7,-2,-6,-2,-6,-3,-6,-3,-6,-3,0,0,0,0,0,0,0,0,0,0"
1766018562.6098218,RX,"0,0,0,0,0,0,0,0,0,0,0,0,8,6,8,6,9,6,8,6,8,5,8,5,8,5,8,4,8,4,8,4,8,4,8,4,8,3,8,3,8,3,8,3,8,2,7,2,8,2,8,2,8,2,8,2,7,2,9,1,8,2,9,2,0,0,9,1,8,2,9,2,9,2,8,2,8,2,8,2,8,2,8,2,8,2,8,3,7,2,7,3,7,3,6,3,6,3,6,3,6,3,5,3,5,3,5,3,4,3,4,3,4,3,3,3,3,3,0,0,0,0,0,0,0,0,0,0"
1766018562.6312819,RX,"0,0,0,0,0,0,0,0,0,0,0,0,-2,-12,-2,-12,-3,-12,-2,-11,-2,-11,-2,-11,-3,-11,-3,-10,-3,-10,-3,-10,-3,-10,-3,-10,-4,-10,-3,-9,-3,-9,-4,-10,-5,-9,-4,-9,-5,-8,-5,-9,-4,-8,-5,-8,-5,-8,-6,-8,-5,-9,-5,-9,0,0,-6,-9,-5,-9,-5,-9,-5,-9,-4,-9,-5,-9,-4,-9,-4,-8,-4,-9,-4,-9,-3,-9,-3,-8,-3,-8,-3,-8,-2,-8,-2,-8,-2,-8,-2,-8,-2,-8,-2,-7,-1,-7,-1,-7,-1,-7,0,-7,0,-6,0,-6,0,0,0,0,0,0,0,0,0,0"
1766018562.642572,RX,"0,0,0,0,0,0,0,0,0,0,0,0,9,5,9,5,9,5,9,6,9,5,8,5,9,4,8,4,8,4,8,3,8,4,9,3,9,3,8,3,8,2,9,2,9,2,8,2,9,1,8,1,8,1,8,1,8,1,9,0,9,1,9,1,0,0,9,1,9,1,9,1,9,1,9,1,9,1,9,1,8,1,8,2,8,2,8,2,7,2,7,2,7,2,7,3,7,3,7,2,6,3,6,3,5,2,5,3,5,3,5,3,5,3,4,3,3,3,0,0,0,0,0,0,0,0,0,0"
1766018562.6570415,RX,"0,0,0,0,0,0,0,0,0,0,0,0,3,-11,3,-11,3,-12,3,-11,3,-11,2,-10,2,-11,2,-10,2,-10,1,-10,2,-10,1,-10,1,-10,1,-10,1,-9,1,-10,-1,-10,0,-10,-1,-9,-1,-10,0,-9,-1,-10,-1,-9,-1,-10,-1,-10,-1,-10,0,0,-1,-10,-1,-10,-1,-10,-1,-11,0,-9,-1,-10,0,-10,-1,-9,0,-10,0,-10,0,-10,0,-8,1,-8,1,-8,1,-8,1,-8,1,-8,1,-8,1,-8,1,-7,2,-7,2,-6,2,-6,2,-6,2,-5,2,-5,0,0,0,0,0,0,0,0,0,0"
1766018562.6713798,RX,"0,0,0,0,0,0,0,0,0,0,0,0,-1,11,-1,11,-1,11,-2,11,-1,10,-1,10,-1,10,0,10,0,10,0,10,0,10,0,10,0,9,0,9,1,8,1,9,2,9,1,9,2,8,2,8,1,8,2,8,2,8,3,9,2,9,2,9,0,0,3,9,2,9,2,9,2,9,2,9,2,9,1,9,2,8,1,9,1,9,0,9,0,8,0,8,0,8,-1,8,-1,8,-1,7,-1,7,-1,7,-1,6,-1,6,-1,6,-2,6,-2,6,-3,5,-3,5,0,0,0,0,0,0,0,0,0,0"
1766018562.6870131,RX,"0,0,0,0,0,0,0,0,0,0,0,0,10,4,10,4,10,3,10,4,9,3,9,3,9,3,9,3,9,3,9,2,9,2,9,2,9,1,9,1,9,1,9,1,9,0,8,1,9,0,9,0,8,0,9,0,8,0,9,-1,9,0,9,0,0,0,9,-1,9,0,9,0,9,0,9,0,9,0,9,0,8,0,8,1,8,1,9,1,8,1,8,1,8,1,7,2,7,2,7,2,7,2,6,2,6,2,6,2,5,2,5,2,5,3,4,2,4,3,0,0,0,0,0,0,0,0,0,0"
1766018562.704391,RX,"0,0,0,0,0,0,0,0,0,0,0,0,-12,0,-11,0,-12,1,-11,0,-11,1,-10,1,-11,1,-10,1,-10,1,-10,2,-10,1,-10,2,-10,2,-10,2,-9,2,-10,2,-9,3,-9,3,-9,3,-9,3,-9,3,-9,3,-8,3,-9,4,-9,3,-9,3,0,0,-9,4,-9,4,-9,3,-9,4,-9,3,-9,3,-9,3,-9,3,-9,2,-9,2,-9,2,-8,2,-9,1,-8,1,-8,1,-8,1,-8,1,-8,0,-8,0,-7,0,-7,0,-7,-1,-7,-1,-7,-1,-6,-1,-6,-2,0,0,0,0,0,0,0,0,0,0"
1766018562.7185235,RX,"0,0,0,0,0,0,0,0,0,0,0,0,5,-11,5,-11,4,-11,5,-10,4,-10,4,-10,4,-10,4,-10,3,-10,3,-10,3,-10,3,-10,2,-10,2,-9,2,-9,2,-10,1,-10,1,-9,1,-9,1,-9,1,-9,1,-9,1,-9,0,-10,1,-10,1,-10,0,0,1,-10,1,-10,1,-10,1,-10,1,-9,1,-10,2,-10,2,-9,2,-9,2,-9,2,-9,2,-8,2,-8,2,-8,2,-8,2,-8,3,-8,3,-7,3,-7,3,-6,3,-6,3,-6,3,-6,3,-5,3,-5,3,-5,0,0,0,0,0,0,0,0,0,0"
1766018562.7350075,RX,"0,0,0,0,0,0,0,0,0,0,0,0,1,-11,1,-11,1,-12,2,-11,1,-11,1,-11,1,-10,0,-10,0,-10,0,-10,0,-10,0,-10,0,-10,-1,-10,-1,-9,-1,-10,-2,-10,-2,-9,-2,-9,-2,-9,-2,-9,-2,-9,-2,-9,-3,-9,-2,-9,-2,-10,0,0,-3,-10,-2,-10,-2,-9,-3,-10,-2,-9,-2,-9,-2,-9,-2,-9,-2,-9,-1,-9,-1,-10,-1,-8,-1,-8,0,-8,0,-8,0,-8,0,-8,0,-8,0,-7,0,-7,1,-7,1,-7,1,-6,1,-6,1,-6,2,-5,0,0,0,0,0,0,0,0,0,0"
1766018562.7490897,RX,"0,0,0,0,0,0,0,0,0,0,0,0,-7,8,-7,8,-7,9,-7,8,-7,8,-6,8,-6,7,-6,7,-6,7,-5,8,-5,8,-5,8,-5,8,-5,7,-5,7,-4,8,-4,8,-4,7,-3,8,-4,8,-4,7,-4,8,-3,7,-3,8,-3,8,-3,8,0,0,-3,9,-4,8,-3,8,-3,9,-4,8,-4,8,-4,8,-4,7,-4,7,-4,7,-5,7,-4,7,-4,6,-4,6,-5,6,-5,6,-5,6,-5,5,-5,5,-5,4,-5,4,-5,4,-5,3,-5,3,-5,3,-5,2,0,0,0,0,0,0,0,0,0,0"
1766018562.7618473,RX,"0,0,0,0,0,0,0,0,0,0,0,0,9,-6,9,-6,9,-7,9,-6,8,-6,8,-6,8,-6,7,-6,7,-6,7,-7,7,-6,7,-7,7,-7,7,-7,6,-7,6,-7,6,-8,5,-7,5,-8,5,-7,5,-7,5,-8,5,-7,5,-8,5,-8,5,-8,0,0,5,-8,5,-8,6,-8,5,-8,5,-8,6,-8,6,-8,5,-7,6,-7,5,-7,6,-7,5,-6,5,-6,6,-6,6,-5,6,-6,6,-5,5,-5,6,-5,5,-4,5,-4,5,-3,5,-3,5,-3,5,-3,5,-2,0,0,0,0,0,0,0,0,0,0"
1766018562.7727315,RX,"0,0,0,0,0,0,0,0,0,0,0,0,7,7,8,7,8,7,7,7,7,6,7,6,7,6,7,5,7,6,8,5,7,6,8,5,8,5,7,5,7,4,8,5,8,4,7,3,8,3,8,3,7,3,8,3,7,3,9,3,8,3,8,3,0,0,8,3,8,3,8,3,8,4,8,3,8,3,8,4,8,3,7,4,7,4,7,5,6,4,6,4,6,4,6,5,6,4,5,5,5,5,5,4,4,4,4,4,4,4,4,4,3,4,3,4,2,4,0,0,0,0,0,0,0,0,0,0"
1766018562.7846282,RX,"0,0,0,0,0,0,0,0,0,0,0,0,10,3,10,3,11,3,10,3,9,3,9,3,9,2,9,2,9,2,9,1,9,1,9,1,9,1,9,1,8,1,9,1,9,0,8,0,9,-1,9,0,8,0,9,-1,8,-1,9,-2,9,-1,9,-1,0,0,9,-1,9,-1,9,-1,9,-1,9,-1,9,0,9,0,9,0,8,0,8,0,9,1,8,0,8,0,8,1,7,1,7,1,7,2,7,1,7,2,6,2,6,2,6,2,5,2,5,2,5,2,4,2,0,0,0,0,0,0,0,0,0,0"
1766018562.7968361,RX,"0,0,0,0,0,0,0,0,0,0,0,0,-2,10,-2,10,-2,10,-3,10,-2,9,-2,10,-2,9,-1,9,-1,9,-1,8,-1,9,-1,9,0,9,0,8,-1,8,0,9,1,9,0,8,1,8,1,8,0,8,1,8,1,7,2,8,1,8,1,9,0,0,1,9,1,8,1,9,1,9,1,8,1,8,0,8,0,8,0,8,0,8,-1,9,0,7,-1,7,-1,7,-1,7,-1,7,-1,7,-2,7,-2,6,-2,6,-2,6,-2,5,-2,5,-3,5,-3,5,-3,4,0,0,0,0,0,0,0,0,0,0"
1766018562.8087478,RX,"0,0,0,0,0,0,0,0,0,0,0,0,1,11,2,11,2,11,1,10,2,10,2,10,2,10,2,9,2,9,3,9,2,9,3,9,3,9,3,8,3,8,3,9,4,8,4,8,4,7,4,7,4,7,4,7,4,7,5,7,4,7,4,8,0,0,5,8,4,8,5,8,5,8,4,8,4,8,4,8,4,7,3,8,3,8,3,8,3,7,2,7,2,7,2,7,2,7,2,7,1,7,1,7,1,6,1,6,1,6,0,6,0,6,-1,5,-1,5,0,0,0,0,0,0,0,0,0,0"
1766018562.822248,RX,"0,0,0,0,0,0,0,0,0,0,0,0,-10,5,-10,4,-10,5,-11,4,-10,4,-10,4,-9,5,-9,5,-9,5,-8,5,-9,5,-8,6,-8,5,-8,5,-7,5,-8,6,-7,6,-7,6,-7,6,-7,6,-7,6,-7,6,-6,6,-6,7,-7,6,-7,7,0,0,-6,7,-7,7,-7,7,-7,7,-7,7,-7,6,-7,6,-7,6,-7,6,-7,6,-7,6,-7,5,-7,5,-7,5,-7,4,-7,5,-7,4,-7,4,-7,4,-6,3,-6,3,-6,3,-6,2,-6,2,-6,2,-6,1,0,0,0,0,0,0,0,0,0,0"
1766018562.836346,RX,"0,0,0,0,0,0,0,0,0,0,0,0,-6,9,-6,9,-6,9,-6,8,-6,8,-6,8,-5,8,-5,8,-5,8,-4,8,-5,8,-4,9,-4,8,-4,8,-4,7,-4,9,-3,9,-3,8,-2,8,-2,8,-3,7,-2,8,-2,8,-2,9,-3,8,-2,9,0,0,-2,9,-2,8,-2,8,-2,9,-2,8,-2,8,-2,8,-3,8,-3,8,-3,8,-4,8,-3,7,-4,6,-4,7,-4,7,-4,7,-4,6,-4,6,-4,6,-4,5,-4,5,-4,5,-4,4,-5,4,-4,4,-4,3,0,0,0,0,0,0,0,0,0,0"
1766018562.8490982,RX,"0,0,0,0,0,0,0,0,0,0,0,0,-11,2,-12,2,-11,3,-12,2,-11,2,-10,2,-10,2,-10,3,-10,2,-9,3,-10,3,-10,3,-9,3,-9,3,-9,3,-9,3,-9,4,-8,3,-8,4,-8,4,-8,4,-8,4,-7,4,-8,5,-8,5,-8,5,0,0,-8,5,-9,4,-9,5,-8,5,-8,4,-9,4,-9,4,-9,4,-9,4,-8,4,-9,3,-8,3,-8,3,-8,2,-8,2,-8,2,-8,1,-8,2,-8,1,-7,1,-7,1,-7,0,-7,0,-7,0,-6,0,-6,-1,0,0,0,0,0,0,0,0,0,0"
1766018562.8669124,RX,"0,0,0,0,0,0,0,0,0,0,0,0,-11,-2,-11,-2,-12,-2,-11,-3,-11,-2,-11,-2,-11,-1,-10,-1,-10,-1,-10,0,-10,-1,-11,-1,-10,0,-10,0,-9,0,-10,0,-10,1,-9,1,-9,1,-9,1,-9,1,-9,1,-9,1,-10,2,-10,1,-10,1,0,0,-10,2,-10,2,-10,1,-10,2,-9,1,-10,1,-10,1,-9,1,-9,0,-9,1,-10,0,-9,0,-9,0,-9,0,-8,-1,-8,-1,-8,-1,-8,-1,-8,-1,-7,-1,-7,-2,-7,-2,-6,-2,-6,-3,-6,-2,-5,-3,0,0,0,0,0,0,0,0,0,0"
1766018562.885338,RX,"0,0,0,0,0,0,0,0,0,0,0,0,1,-11,1,-12,1,-12,2,-11,1,-11,1,-11,1,-11,1,-10,0,-10,0,-10,0,-10,0,-11,-1,-10,0,-10,-1,-9,-1,-10,-2,-10,-1,-9,-2,-9,-2,-9,-1,-9,-2,-9,-2,-9,-3,-10,-2,-10,-2,-10,0,0,-2,-10,-2,-10,-2,-10,-2,-10,-2,-9,-1,-10,-1,-10,-1,-9,-1,-10,-1,-10,-1,-10,-1,-9,0,-9,0,-8,0,-8,0,-9,1,-8,1,-8,1,-8,1,-7,1,-7,1,-6,2,-6,2,-6,2,-6,2,-5,0,0,0,0,0,0,0,0,0,0"
1766018562.8991392,RX,"0,0,0,0,0,0,0,0,0,0,0,0,1,10,1,11,2,11,1,11,1,10,1,10,2,10,2,9,2,9,2,9,2,9,3,9,2,9,2,8,2,8,3,9,3,8,3,8,4,8,3,8,3,7,4,8,3,7,4,8,4,8,4,8,0,0,4,8,4,8,4,8,4,8,3,8,3,8,3,8,3,8,3,8,3,8,2,8,2,7,2,7,1,7,1,7,1,8,1,7,1,7,0,7,0,6,0,6,0,6,-1,6,-1,6,-1,5,-2,5,0,0,0,0,0,0,0,0,0,0"
1766018562.913833,RX,"0,0,0,0,0,0,0,0,0,0,0,0,-1,11,-1,11,-1,11,-2,10,-1,10,-1,10,0,10,0,9,0,9,0,9,0,9,0,10,1,9,0,9,1,8,1,9,2,9,1,8,2,8,2,8,1,8,2,8,2,8,3,8,2,8,2,9,0,0,3,9,2,9,2,9,2,9,2,8,1,8,1,8,1,8,1,9,1,8,0,9,0,7,0,7,0,8,-1,7,0,8,-1,7,-1,7,-1,7,-1,6,-2,6,-2,6,-2,5,-2,5,-2,5,-3,5,0,0,0,0,0,0,0,0,0,0"
1766018562.9323397,RX,"0,0,0,0,0,0,0,0,0,0,0,0,-3,-11,-3,-12,-4,-11,-3,-11,-3,-11,-3,-11,-3,-11,-4,-10,-3,-10,-4,-9,-4,-10,-4,-10,-4,-9,-4,-9,-4,-8,-4,-9,-5,-9,-5,-8,-6,-8,-5,-8,-5,-8,-5,-8,-5,-8,-6,-8,-5,-9,-6,-9,0,0,-6,-9,-5,-8,-6,-9,-6,-9,-5,-8,-5,-9,-5,-9,-5,-8,-5,-9,-5,-8,-4,-9,-4,-8,-4,-8,-3,-8,-3,-8,-3,-8,-3,-8,-2,-8,-2,-8,-2,-7,-2,-7,-2,-7,-1,-7,-1,-7,-1,-6,0,-6,0,0,0,0,0,0,0,0,0,0"
1766018562.948777,RX,"0,0,0,0,0,0,0,0,0,0,0,0,-8,8,-8,8,-7,9,-8,8,-7,7,-7,8,-7,8,-6,8,-6,7,-6,8,-6,8,-6,8,-6,8,-5,8,-5,7,-5,8,-4,8,-4,8,-4,8,-4,8,-4,7,-4,8,-3,8,-3,8,-4,8,-4,9,0,0,-3,9,-4,8,-4,8,-4,9,-4,8,-4,8,-5,8,-4,8,-5,8,-4,8,-5,7,-5,7,-5,6,-5,6,-5,6,-5,6,-5,6,-5,6,-5,5,-5,5,-5,4,-5,4,-5,3,-5,4,-5,3,-5,3,0,0,0,0,0,0,0,0,0,0"
1766018562.9665813,RX,"0,0,0,0,0,0,0,0,0,0,0,0,5,-10,5,-10,5,-11,6,-10,5,-10,4,-10,4,-10,4,-10,4,-10,3,-10,4,-10,3,-10,3,-10,3,-9,3,-9,3,-10,2,-10,2,-9,1,-10,2,-9,2,-9,1,-9,1,-9,1,-10,1,-10,1,-10,0,0,1,-10,2,-10,2,-10,1,-10,2,-9,2,-10,2,-10,2,-9,2,-9,2,-9,3,-9,2,-8,3,-8,3,-8,3,-8,3,-8,3,-7,3,-7,3,-7,3,-6,3,-6,3,-6,3,-5,4,-5,4,-4,4,-4,0,0,0,0,0,0,0,0,0,0"
1766018562.9819036,RX,"0,0,0,0,0,0,0,0,0,0,0,0,-12,-1,-12,-1,-12,-1,-12,-2,-11,-1,-11,-1,-11,-1,-10,-1,-10,0,-10,0,-10,0,-11,1,-10,1,-10,1,-9,1,-10,1,-10,2,-9,1,-9,2,-9,2,-9,2,-9,2,-9,2,-9,3,-10,2,-10,2,0,0,-10,3,-10,2,-10,2,-10,3,-9,2,-10,2,-10,2,-9,2,-9,2,-9,2,-9,1,-9,1,-9,1,-9,0,-8,0,-9,0,-8,0,-8,0,-8,0,-7,-1,-7,-1,-7,-1,-7,-1,-7,-2,-6,-2,-6,-2,0,0,0,0,0,0,0,0,0,0"
1766018563.0025964,RX,"0,0,0,0,0,0,0,0,0,0,0,0,5,9,5,9,6,9,5,9,5,8,5,8,5,8,5,8,5,8,6,7,5,7,6,7,6,7,6,7,6,6,6,7,7,6,6,6,7,5,6,5,6,5,7,5,6,5,7,5,7,5,7,5,0,0,8,5,7,5,7,5,7,5,7,5,7,5,7,5,7,5,6,6,6,6,6,6,5,5,5,6,5,6,4,6,4,6,4,,-2,-10,0,0,-2,-10,-1,-10,-1,-10,-2,-10,-1,-9,-1,-10,-1,-9,-1,-9,0,-9,0,-9,0,-9,0,-8,0,-8,0,-8,1,-8,1,-8,1,-8,1,-8,1,-7,1,-7-9,0,-9,0,-9,0,-9,0,-8,0,-8,0,-8,1,-8,1,-8,1,-8,1,-8,1,-7,1,-7-9,0,-9,0,-9,0,-9,0,-8,0,-8,0,-8,1,-8,1,-8,1,-8,1,-8,1,-7,1,-7,2,-7,1,-6,2,-6,2,-6,2,-6,2,-5,0,0,0,0,0,0,0,0,0,0"
1766018563.093666,RX,"0,0,0,0,0,0,0,0,0,0,0,0,-7,9,-7,9,-7,9,-7,8,-7,8,-6,8,-6,8,-5,8,-6,8,-5,8,-5,8,-5,9,-5,8,-5,8,-4,8,-4,8,-3,9,-3,8,-3,8,-3,8,-3,8,-3,8,-2,8,-2,9,-3,8,-3,9,0,0,-2,9,-3,9,-3,9,-3,9,-3,8,-3,8,-3,8,-3,8,-3,8,-3,8,-4,8,-4,7,-4,7,-4,7,-4,7,-4,7,-4,6,-4,6,-4,6,-4,5,-4,5,-4,5,-4,4,-5,4,-4,4,-5,3,0,0,0,0,0,0,0,0,0,0"
1766018563.1194942,RX,"0,0,0,0,0,0,0,0,0,0,0,0,-9,7,-9,7,-9,7,-9,6,-8,6,-8,6,-8,6,-7,7,-7,6,-7,7,-7,6,-7,7,-7,7,-6,7,-6,6,-6,7,-5,7,-5,7,-5,7,-5,7,-5,7,-5,7,-4,7,-4,8,-5,7,-5,8,0,0,-5,8,-5,8,-5,8,-5,8,-5,7,-5,7,-6,7,-5,7,-6,7,-5,7,-6,7,-5,6,-6,6,-6,6,-6,5,-6,5,-6,5,-6,5,-6,4,-6,4,-6,4,-6,3,-5,3,-6,3,-5,2,-5,2,0,0,0,0,0,0,0,0,0,0"
1766018563.1407835,RX,"0,0,0,0,0,0,0,0,0,0,0,0,6,-10,6,-10,6,-10,7,-9,6,-9,5,-9,5,-9,5,-9,5,-9,4,-9,5,-9,4,-10,4,-9,4,-9,4,-9,4,-9,3,-9,3,-9,2,-9,3,-9,2,-9,2,-9,2,-9,2,-10,3,-9,2,-10,0,0,2,-10,2,-10,2,-10,2,-10,3,-9,3,-9,3,-9,3,-9,3,-9,3,-9,4,-9,3,-8,4,-7,3,-7,4,-7,4,-7,4,-7,4,-6,4,-6,4,-6,4,-6,4,-5,4,-5,4,-5,4,-4,4,-4,0,0,0,0,0,0,0,0,0,0"
1766018563.1557975,RX,"0,0,0,0,0,0,0,0,0,0,0,0,4,-11,4,-11,3,-11,4,-11,3,-10,3,-10,3,-10,3,-10,3,-10,2,-10,3,-10,2,-10,2,-10,2,-10,1,-9,1,-10,0,-10,1,-9,0,-10,0,-9,1,-9,0,-10,0,-9,-1,-10,0,-10,0,-10,0,0,0,-11,0,-10,0,-10,0,-10,0,-10,1,-10,1,-10,1,-9,1,-10,1,-10,2,-9,2,-9,2,-8,2,-8,2,-8,2,-8,2,-8,2,-8,2,-7,2,-7,3,-7,2,-6,3,-6,3,-5,3,-5,3,-5,0,0,0,0,0,0,0,0,0,0"
1766018563.1703196,RX,"0,0,0,0,0,0,0,0,0,0,0,0,8,6,8,6,9,6,8,6,8,5,8,5,8,5,8,4,8,4,8,4,8,5,8,4,8,4,8,4,7,3,8,3,8,2,7,2,8,2,8,2,8,2,8,2,8,2,9,1,8,2,8,2,0,0,9,2,8,2,9,2,9,2,8,2,8,2,8,2,8,2,8,2,8,2,8,3,7,3,7,3,7,3,6,3,6,3,6,3,6,3,5,3,5,3,5,3,5,3,4,3,4,4,3,3,3,4,0,0,0,0,0,0,0,0,0,0"
1766018563.1840794,RX,"0,0,0,0,0,0,0,0,0,0,0,0,5,-10,5,-10,4,-10,5,-10,4,-9,4,-10,4,-9,3,-9,3,-9,3,-9,3,-9,3,-10,2,-9,2,-9,2,-9,2,-10,1,-10,1,-9,1,-9,1,-9,1,-9,1,-9,1,-9,0,-10,1,-9,1,-10,0,0,1,-10,1,-10,1,-10,1,-10,1,-9,1,-9,1,-9,1,-9,2,-9,2,-9,2,-9,2,-8,2,-8,2,-8,3,-8,2,-8,3,-7,3,-7,3,-7,3,-6,3,-6,3,-6,3,-5,3,-5,3,-5,3,-4,0,0,0,0,0,0,0,0,0,0"
1766018563.198939,RX,"0,0,0,0,0,0,0,0,0,0,0,0,10,-2,11,-1,11,-2,10,-1,10,-2,9,-2,9,-2,9,-2,9,-2,9,-3,9,-2,9,-3,9,-3,8,-3,8,-3,8,-4,8,-4,7,-4,8,-5,7,-4,7,-4,7,-5,7,-4,7,-5,8,-5,8,-5,0,0,8,-5,8,-5,8,-5,8,-5,7,-4,8,-5,8,-4,8,-4,8,-4,7,-4,8,-4,7,-3,7,-3,7,-3,7,-3,7,-2,7,-2,7,-2,7,-2,6,-2,6,-1,6,-1,6,-1,5,-1,5,0,5,0,0,0,0,0,0,0,0,0,0,0"
1766018563.2123015,RX,"0,0,0,0,0,0,0,0,0,0,0,0,11,-1,11,-1,11,-1,11,0,10,-1,10,-1,10,-1,9,-2,9,-2,9,-2,9,-2,10,-3,9,-3,9,-3,8,-3,9,-3,8,-4,8,-4,8,-4,8,-4,8,-4,8,-4,7,-4,8,-5,8,-5,8,-4,0,0,8,-5,8,-5,9,-5,8,-5,8,-4,8,-4,8,-4,8,-4,8,-4,8,-4,8,-3,7,-3,8,-3,8,-3,7,-2,7,-2,7,-2,7,-2,7,-2,6,-1,6,-1,6,-1,6,-1,5,-1,5,0,5,0,0,0,0,0,0,0,0,0,0,0"
1766018563.2265353,RX,"0,0,0,0,0,0,0,0,0,0,0,0,-11,3,-10,3,-11,4,-11,3,-10,3,-10,3,-10,3,-9,4,-9,3,-9,4,-9,4,-9,4,-9,4,-9,4,-8,4,-9,4,-8,5,-8,4,-7,5,-8,5,-7,5,-7,5,-7,5,-7,6,-7,5,-7,5,0,0,-7,6,-8,5,-8,5,-8,6,-8,5,-8,5,-8,5,-8,5,-8,4,-8,5,-8,4,-8,4,-8,3,-7,3,-8,3,-7,3,-8,2,-7,2,-7,2,-7,2,-7,1,-7,1,-6,1,-6,0,-6,0,-6,0,0,0,0,0,0,0,0,0,0,0"
1766018563.2382615,RX,"0,0,0,0,0,0,0,0,0,0,0,0,9,4,9,4,10,4,9,5,9,4,8,4,9,3,8,3,8,3,8,2,8,3,9,2,9,2,8,2,8,2,9,2,9,1,8,1,8,1,8,1,8,1,8,1,8,0,9,0,9,0,9,0,0,0,9,0,9,1,9,1,9,1,8,1,9,1,9,1,8,1,8,1,8,1,8,2,7,2,7,2,7,2,7,2,7,2,6,2,6,2,6,3,5,3,5,3,5,3,5,3,4,3,4,3,3,3,0,0,0,0,0,0,0,0,0,0"
1766018563.2605102,RX,"0,0,0,0,0,0,0,0,0,0,0,0,-6,-10,-6,-10,-7,-10,-6,-10,-6,-9,-6,-9,-6,-9,-6,-8,-6,-8,-7,-8,-6,-8,-7,-8,-7,-8,-7,-7,-6,-7,-7,-7,-7,-6,-7,-6,-7,-6,-7,-6,-7,-6,-7,-6,-7,-6,-8,-5,-8,-6,-8,-6,0,0,-8,-6,-8,-6,-8,-6,-9,-6,-7,-6,-8,-6,-8,-6,-7,-6,-7,-6,-7,-6,-7,-7,-6,-6,-6,-6,-6,-6,-6,-6,-5,-6,-5,-6,-5,-6,-5,-6,-4,-6,-4,-6,-4,-6,-3,-6,-3,-6,-3,-5,-2,-5,0,0,0,0,0,0,0,0,0,0"
1766018563.2717853,RX,"0,0,0,0,0,0,0,0,0,0,0,0,8,7,8,7,9,7,8,7,8,6,8,6,8,6,8,5,7,5,8,4,7,5,8,5,8,4,8,4,7,3,8,4,8,3,8,3,8,2,8,2,8,2,8,2,8,2,9,2,8,2,9,2,0,0,9,2,9,2,9,2,9,2,8,2,9,2,8,3,8,2,8,3,8,3,8,3,7,3,7,3,7,3,6,4,6,3,6,3,6,4,6,4,5,3,5,4,5,3,4,4,4,4,4,4,3,4,0,0,0,0,0,0,0,0,0,0"
1766018563.291802,RX,"0,0,0,0,0,0,0,0,0,0,0,0,-9,-7,-9,-7,-10,-7,-9,-7,-9,-7,-9,-6,-9,-6,-9,-5,-9,-6,-9,-5,-9,-6,-9,-5,-9,-5,-9,-5,-9,-4,-9,-5,-9,-4,-9,-3,-9,-3,-9,-3,-9,-3,-9,-3,-9,-3,-10,-2,-10,-3,-10,-3,0,0,-10,-3,-10,-3,-10,-3,-10,-3,-9,-3,-10,-3,-10,-3,-9,-3,-9,-4,-9,-4,-9,-4,                                                              6,-8,-6,-7,-6,-8,-6,-7,-5,-7,-5,-7,-5,-7,-5,-7,-5,-7,-4,-7,-4,-7,-3,-7,-3,-7,-3,-6,-3,-6,-3,-6,-2,-6,-2,-6,0,0,0,0,0,0,0,0,0,0"
1766018563.309591,RX,"0,0,0,0,0,0,0,0,0,0,0,0,10,2,11,1,11,1,11,2,10,1,10,1,9,0,9,0,9,0,9,0,9,0,10,0,9,-1,9,-1,9,-1,9,-1,9,-2,8,-1,9,-2,9,-2,8,-2,8,-2,8,-2,9,-3,9,-2,9,-2,0,0,9,-3,9,-2,9,-3,9,-2,9,-2,9,-2,9,-2,9,-2,8,-1,8,-1,9,-1,8,-1,8,0,8,0,7,0,7,0,7,0,7,1,7,1,6,1,6,1,6,1,5,1,5,2,5,2,4,2,0,0,0,0,0,0,0,0,0,0"
1766018563.3218935,RX,"0,0,0,0,0,0,0,0,0,0,0,0,0,11,0,11,0,11,-1,10,0,10,0,10,0,10,0,9,0,10,1,9,1,9,1,10,1,9,1,9,1,8,2,9,2,9,2,8,3,8,2,8,2,8,2,8,2,8,3,8,2,8,3,9,0,0,3,9,2,8,3,8,3,9,2,8,2,8,2,8,2,8,1,8,1,8,1,9,1,7,1,7,0,8,0,7,0,8,0,7,0,7,-1,7,-1,6,-1,6,-1,6,-1,5,-2,6,-2,5,-2,5,0,0,0,0,0,0,0,0,0,0"
1766018563.333272,RX,"0,0,0,0,0,0,0,0,0,0,0,0,6,9,6,9,6,9,5,9,6,8,5,8,6,8,6,7,5,7,6,6,6,7,6,7,6,6,6,6,6,6,6,6,7,6,6,5,7,5,7,5,6,5,7,5,6,5,8,4,7,5,7,5,0,0,8,5,7,5,7,5,8,5,7,5,7,5,7,5,6,5,6,6,6,6,6,6,5,5,5,6,5,5,4,6,5,6,4,6,4,6,4,6,3,5,3,5,3,5,2,5,2,5,2,5,1,5,0,0,0,0,0,0,0,0,0,0"
1766018563.3480604,RX,"0,0,0,0,0,0,0,0,0,0,0,0,-8,-8,-8,-8,-9,-8,-8,-8,-8,-8,-8,-8,-8,-7,-8,-7,-8,-7,-8,-6,-8,-7,-9,-7,-8,-6,-8,-6,-8,-5,-9,-6,-9,-5,-8,-5,-9,-4,-9,-5,-8,-4,-9,-4,-8,-4,-9,-4,-9,-5,-9,-5,0,0,-9,-5,-9,-5,-9,-5,-9,-5,-9,-5,-9,-5,-9,-5,-8,-5,-8,-6,-8,-5,-8,-6,-7,-5,-7,-5,-7,-6,-6,-6,-6,-6,-6,-6,-6,-6,-5,-6,-5,-6,-5,-6,-4,-6,-4,-6,-4,-6,-3,-5,-3,-5,0,0,0,0,0,0,0,0,0,0"
1766018563.3621304,RX,"0,0,0,0,0,0,0,0,0,0,0,0,6,8,6,8,7,8,6,8,6,8,6,7,6,7,6,7,6,7,7,6,6,7,7,6,7,6,6,6,6,5,7,6,7,5,6,5,7,4,7,4,6,4,7,4,7,4,8,4,7,5,8,5,0,0,8,4,8,5,8,4,8,5,7,4,7,5,7,5,7,5,7,5,7,5,6,6,6,5,5,5,5,5,5,5,5,5,5,6,4,5,4,5,4,5,3,5,3,5,3,5,3,5,2,5,1,4,0,0,0,0,0,0,0,0,0,0"
1766018563.3781066,RX,"0,0,0,0,0,0,0,0,0,0,0,0,-3,-12,-3,-11,-4,-12,-3,-11,-3,-11,-3,-11,-4,-11,-4,-10,-4,-10,-4,-10,-4,-10,-4,-10,-4,-10,-4,-9,-4,-8,-5,-10,-5,-9,-5,-9,-6,-8,-6,-8,-5,-8,-6,-8,-5,-8,-6,-8,-6,-9,-6,-9,0,0,-6,-8,-6,-9,-6,-8,-6,-9,-5,-8,-6,-9,-6,-9,-5,-9,-5,-9,-5,-9,-4,-9,-4,-8,-4,-8,-3,-8,-3,-9,-3,-8,-3,-8,-2,-8,-2,-8,-2,-7,-2,-7,-1,-7,-1,-7,-1,-7,0,-6,0,-6,0,0,0,0,0,0,0,0,0,0"
1766018563.390613,RX,"0,0,0,0,0,0,0,0,0,0,0,0,5,9,5,9,5,9,4,9,4,9,4,8,5,8,5,8,5,8,5,7,5,8,6,7,6,7,5,7,5,6,6,7,6,6,6,6,6,6,6,6,6,5,6,5,6,5,7,5,7,6,7,6,0,0,7,6,7,6,7,6,7,6,6,5,6,6,6,6,6,6,6,6,6,6,5,7,5,6,5,6,5,6,4,6,4,6,4,6,3,6,3,6,3,6,3,6,2,5,2,5,2,5,1,5,1,5,0,0,0,0,0,0,0,0,0,0"
1766018563.405953,RX,"0,0,0,0,0,0,0,0,0,0,0,0,-10,-7,-10,-6,-10,-6,-10,-7,-9,-6,-9,-6,-10,-5,-9,-5,-9,-5,-9,-4,-9,-5,-10,-4,-9,-4,-9,-4,-9,-3,-10,-4,-10,-3,-9,-3,-9,-2,-9,-2,-9,-2,-9,-2,-9,-2,-10,-1,-10,-2,-10,-2,0,0,-10,-2,-10,-2,-10,-2,-10,-2,-9,-2,-10,-2,-10,-2,-9,-2,-9,-3,-9,-3,-9,-3,-8,-3,-8,-3,-8,-3,-8,-4,-8,-3,-7,-4,-7,-4,-7,-4,-6,-4,-6,-4,-6,-4,-6,-4,-5,-4,-5,-4,-4,-4,0,0,0,0,0,0,0,0,0,0"
1766018563.4169872,RX,"0,0,0,0,0,0,0,0,0,0,0,0,9,5,9,5,10,4,9,5,9,4,9,4,9,4,8,4,8,4,8,3,8,3,9,3,9,2,8,2,8,2,9,2,9,1,8,1,9,1,8,1,8,1,8,1,8,1,9,0,9,1,9,1,0,0,9,1,9,1,9,1,9,1,9,1,9,1,9,1,8,2,8,2,8,2,8,2,7,2,7,2,7,2,7,3,7,3,7,3,6,3,6,3,5,3,5,3,5,3,5,3,5,3,4,3,3,3,0,0,0,0,0,0,0,0,0,0"
1766018563.431703,RX,"0,0,0,0,0,0,0,0,0,0,0,0,-11,-4,-12,-3,-12,-3,-12,-4,-11,-3,-11,-3,-11,-3,-10,-2,-10,-2,-10,-1,-10,-2,-11,-2,-10,-2,-10,-2,-10,-1,-10,-1,-10,0,-9,-1,-10,0,-10,0,-9,0,-10,0,-9,0,-10,1,-10,0,-10,0,0,0,-10,0,-10,0,-11,0,-10,0,-10,0,-10,0,-10,0,-10,-1,-10,-1,-10,-1,-10,-2,-9,-1,-9,-2,-9,-2,-8,-2,-9,-2,-8,-2,-8,-2,-8,-3,-7,-3,-7,-3,-7,-3,-6,-3,-6,-4,-5,-3,-5,-4,0,0,0,0,0,0,0,0,0,0"
1766018563.443984,RX,"0,0,0,0,0,0,0,0,0,0,0,0,10,2,10,2,10,2,10,2,9,2,9,1,9,1,9,1,9,1,9,0,9,1,9,0,9,0,9,0,8,0,9,0,9,-1,8,-1,8,-2,8,-1,8,-1,8,-2,8,-1,9,-3,8,-2,9,-2,0,0,9,-2,9,-1,9,-2,9,-2,9,-1,9,-1,9,-1,8,-1,8,-1,8,-1,8,0,7,-1,8,0,8,0,7,1,7,0,7,1,6,1,6,1,6,1,6,1,6,1,5,1,5,2,5,2,4,2,0,0,0,0,0,0,0,0,0,0"
1766018563.4601507,RX,"0,0,0,0,0,0,0,0,0,0,0,0,10,-2,10,-2,11,-3,11,-2,10,-2,9,-3,9,-3,9,-3,9,-3,9,-3,9,-3,9,-4,9,-4,8,-4,8,-4,8,-4,8,-5,7,-4,8,-5,7,-5,7,-4,7,-5,7,-5,7,-6,8,-5,8,-5,0,0,8,-6,8,-5,8,-5,8,-6,8,-5,8,-5,8,-5,8,-5,7,-4,7,-4,8,-4,7,-3,7,-3,7,-3,7,-3,7,-3,7,-2,7,-2,7,-2,6,-2,6,-1,6,-1,6,-1,6,-1,5,0,5,0,0,0,0,0,0,0,0,0,0,0"
1766018563.4754992,RX,"0,0,0,0,0,0,0,0,0,0,0,0,11,-1,10,-1,11,-2,11,-1,10,-1,9,-1,10,-2,9,-2,9,-2,9,-2,9,-2,9,-3,9,-3,9,-3,8,-3,9,-3,8,-4,8,-3,8,-4,8,-4,8,-4,8,-4,7,-4,8,-5,8,-4,8,-4,0,0,8,-5,8,-4,8,-4,8,-5,8,-4,8,-4,8,-4,8,-4,8,-3,8,-3,8,-3,8,-3,7,-2,8,-2,7,-2,7,-2,7,-2,7,-1,7,-1,6,-1,6,-1,6,0,6,0,6,0,5,0,5,1,0,0,0,0,0,0,0,0,0,0"
1766018563.4867702,RX,"0,0,0,0,0,0,0,0,0,0,0,0,8,6,9,6,9,6,8,6,8,5,8,5,8,5,8,4,8,4,8,3,8,4,8,4,8,3,8,3,8,3,8,3,9,2,8,2,9,1,8,2,8,1,8,1,8,1,9,1,9,1,9,1,0,0,9,1,9,1,9,1,9,1,9,1,9,1,9,2,8,1,8,2,8,2,8,3,7,2,7,2,7,2,7,3,7,3,7,3,6,3,6,3,5,3,5,3,5,3,5,3,4,3,4,3,3,3,0,0,0,0,0,0,0,0,0,0"
1766018563.4981186,RX,"0,0,0,0,0,0,0,0,0,0,0,0,3,11,3,11,4,11,3,10,3,10,3,9,4,9,4,9,3,9,4,8,4,9,4,9,4,8,4,8,4,7,4,8,5,7,5,7,5,7,5,7,5,7,5,7,5,6,6,7,6,7,6,7,0,0,6,7,6,7,5,7,6,7,5,7,5,7,5,7,5,7,5,7,5,7,4,8,4,7,4,7,4,7,3,7,3,7,3,7,3,7,2,7,2,6,2,6,1,6,1,6,1,6,1,5,0,5,0,0,0,0,0,0,0,0,0,0"
1766018563.5102718,RX,"0,0,0,0,0,0,0,0,0,0,0,0,-7,8,-7,8,-7,9,-8,8,-7,8,-7,8,-6,8,-6,8,-6,8,-5,8,-6,8,-6,8,-5,8,-5,7,-5,7,-5,8,-4,9,-3,8,-3,8,-3,8,-3,8,-3,8,-3,8,-3,9,-4,8,-3,9,0,0,-3,9,-3,8,-3,9,-3,9,-3,8,-3,8,-3,8,-3,8,-4,8,-4,8,-4,8,-4,7,-4,7,-4,7,-4,7,-4,7,-5,6,-4,6,-4,6,-4,5,-4,5,-4,5,-4,4,-5,4,-5,3,-5,3,0,0,0,0,0,0,0,0,0,0"
1766018563.5241516,RX,"0,0,0,0,0,0,0,0,0,0,0,0,8,-8,8,-8,8,-8,8,-7,7,-7,7,-7,7,-7,6,-7,7,-7,6,-7,6,-7,6,-8,6,-8,6,-8,5,-7,6,-8,5,-8,4,-8,4,-8,5,-8,4,-8,4,-8,4,-8,4,-9,4,-8,4,-9,0,0,4,-9,5,-9,4,-9,4,-9,4,-8,5,-8,5,-8,5,-8,5,-8,5,-8,5,-8,5,-7,5,-7,5,-7,5,-6,5,-6,5,-6,5,-5,5,-5,5,-5,5,-5,5,-4,5,-4,5,-4,5,-3,4,-3,0,0,0,0,0,0,0,0,0,0"
1766018563.538541,RX,"0,0,0,0,0,0,0,0,0,0,0,0,4,-11,4,-11,4,-11,5,-11,4,-10,3,-10,3,-10,3,-10,3,-10,2,-10,3,-10,2,-11,2,-10,2,-10,2,-9,2,-10,1,-10,1,-9,0,-10,1,-9,1,-9,1,-10,0,-9,0,-10,0,-10,0,-10,0,0,0,-11,0,-10,0,-10,0,-10,1,-10,1,-10,1,-10,1,-10,1,-10,1,-10,2,-10,2,-9,2,-8,2,-9,2,-8,2,-8,3,-8,3,-8,3,-7,3,-7,3,-7,3,-6,3,-6,3,-6,3,-5,3,-5,0,0,0,0,0,0,0,0,0,0"
1766018563.5526254,RX,"0,0,0,0,0,0,0,0,0,0,0,0,5,-10,5,-10,4,-10,5,-9,4,-9,4,-9,4,-10,3,-9,3,-9,3,-9,3,-9,3,-10,3,-9,2,-9,2,-9,2,-10,1,-10,1,-9,1,-9,1,-9,1,-8,1,-9,1,-9,0,-10,1,-9,1,-10,0,0,0,-10,1,-10,1,-10,1,-10,1,-9,1,-10,1,-9,1,-9,1,-9,1,-9,2,-9,2,-8,2,-8,2,-8,2,-8,2,-8,3,-7,3,-7,2,-7,3,-7,3,-6,3,-6,3,-5,3,-5,3,-5,3,-4,0,0,0,0,0,0,0,0,0,0"
1766018563.5692332,RX,"0,0,0,0,0,0,0,0,0,0,0,0,-4,10,-4,10,-4,10,-5,10,-4,9,-4,9,-3,9,-3,9,-3,9,-2,9,-3,9,-2,9,-2,9,-2,9,-2,8,-1,9,-1,9,-1,8,0,9,0,9,0,8,0,9,0,8,1,9,0,9,0,9,0,0,0,9,0,9,0,9,0,9,0,8,0,9,-1,9,0,8,-1,9,-1,8,-1,9,-1,8,-1,8,-2,7,-2,7,-2,8,-2,7,-2,7,-2,7,-2,6,-3,6,-3,6,-3,5,-3,5,-3,5,-3,4,0,0,0,0,0,0,0,0,0,0"
1766018563.583894,RX,"0,0,0,0,0,0,0,0,0,0,0,0,2,-11,2,-12,1,-12,2,-11,1,-11,1,-11,1,-11,0,-10,0,-10,0,-10,0,-10,0,-11,0,-10,0,-10,0,-9,-1,-10,-2,-10,-1,-9,-2,-10,-2,-9,-1,-9,-2,-9,-2,-9,-3,-10,-2,-9,-2,-10,0,0,-3,-10,-2,-10,-2,-10,-2,-10,-2,-10,-2,-10,-2,-10,-2,-9,-1,-10,-1,-9,-1,-10,-1,-9,0,-9,0,-9,0,-8,0,-9,0,-8,0,-8,1,-8,1,-7,1,-7,1,-7,1,-6,2,-6,2,-6,2,-6,0,0,0,0,0,0,0,0,0,0"
1766018563.5952613,RX,"0,0,0,0,0,0,0,0,0,0,0,0,-1,10,-1,11,-1,11,-1,10,-1,10,-1,10,-1,10,0,9,0,9,0,9,0,9,1,9,1,9,1,9,1,8,1,9,2,9,1,8,2,8,1,8,1,8,2,8,2,8,3,8,2,8,2,9,0,0,2,9,2,9,2,9,2,9,2,8,1,9,1,9,1,8,1,9,1,8,1,9,1,8,0,8,0,8,-1,8,-1,8,-1,7,-1,7,-1,7,-1,6,-1,6,-2,6,-2,6,-2,6,-2,5,-2,5,0,0,0,0,0,0,0,0,0,0"
1766018563.6080275,RX,"0,0,0,0,0,0,0,0,0,0,0,0,-8,8,-7,8,-7,9,-8,8,-7,8,-7,8,-6,8,-6,8,-6,8,-5,8,-6,8,-5,8,-5,8,-5,8,-5,7,-5,8,-4,8,-4,8,-3,8,-4,8,-4,8,-3,8,-3,8,-3,9,-3,8,-3,9,0,0,-3,9,-4,9,-3,9,-3,9,-3,8,-4,8,-4,8,-4,8,-4,8,-4,8,-4,8,-4,7,-4,7,-4,7,-5,6,-5,6,-5,6,-5,6,-5,6,-5,5,-5,5,-5,4,-5,4,-5,4,-5,3,-5,3,0,0,0,0,0,0,0,0,0,0"
1766018563.6258223,RX,"0,0,0,0,0,0,0,0,0,0,0,0,4,9,4,9,5,9,4,9,4,8,4,8,4,8,5,8,4,8,5,7,5,8,5,7,5,7,5,7,5,6,5,7,6,6,5,6,6,6,5,6,5,6,6,6,5,5,7,5,6,6,6,6,0,0,6,6,6,6,6,6,6,6,6,6,6,6,5,6,5,6,5,6,5,6,5,7,4,6,4,6,4,6,3,6,3,6,3,6,3,6,2,6,2,6,2,6,2,5,1,5,1,5,1,5,0,5,0,0,0,0,0,0,0,0,0,0"
1766018563.6400273,RX,"0,0,0,0,0,0,0,0,0,0,0,0,0,11,0,11,1,11,0,11,0,10,0,10,1,10,1,10,1,10,2,9,1,9,2,10,2,9,2,9,2,8,2,9,3,9,3,8,3,8,3,8,3,8,3,8,3,8,4,8,4,8,4,8,0,0,4,8,4,9,3,8,4,9,3,8,3,8,3,8,3,8,3,8,3,8,2,9,2,7,2,8,2,8,1,8,1,8,1,7,1,7,1,7,0,7,0,6,0,6,0,6,-1,6,-1,5,-1,5,0,0,0,0,0,0,0,0,0,0"
1766018563.65325,RX,"0,0,0,0,0,0,0,0,0,0,0,0,10,2,10,2,11,1,10,2,10,1,9,1,10,1,9,0,9,1,9,0,9,0,9,0,9,-1,9,0,8,0,9,-1,9,-2,8,-1,9,-2,8,-1,8,-1,8,-2,8,-2,9,-3,9,-2,9,-2,0,0,9,-2,9,-2,9,-2,9,-2,9,-2,9,-1,9,-1,9,-1,9,-1,9,-1,9,-1,8,0,8,0,8,0,7,0,7,0,7,1,7,1,7,1,6,1,6,1,6,1,5,2,5,2,5,2,4,2,0,0,0,0,0,0,0,0,0,0"
1766018563.6666434,RX,"0,0,0,0,0,0,0,0,0,0,0,0,6,9,6,8,7,8,6,8,6,8,6,7,6,7,7,6,6,7,7,6,6,7,7,6,7,6,7,6,6,5,7,6,7,5,7,5,7,4,7,4,7,4,7,4,7,4,8,4,7,4,8,5,0,0,8,4,8,4,8,4,8,4,7,4,8,4,8,4,7,4,7,5,7,5,7,6,6,4,6,5,6,5,5,5,5,5,5,5,5,5,4,5,4,5,4,5,4,5,3,5,3,5,2,4,2,4,0,0,0,0,0,0,0,0,0,0"
1766018563.6796672,RX,"0,0,0,0,0,0,0,0,0,0,0,0,11,-1,11,-1,11,-1,10,0,10,-1,10,-1,10,-2,9,-2,9,-2,9,-2,9,-1,9,-2,9,-2,9,-2,8,-2,9,-3,8,-4,8,-3,8,-4,8,-4,8,-3,8,-4,7,-4,8,-4,8,-3,8,-4,0,0,8,-4,8,-4,8,-4,9,-4,8,-4,9,-4,8,-4,8,-3,8,-3,8,-3,9,-2,8,-2,8,-2,8,-2,8,-2,7,-1,7,-1,7,-1,7,-1,6,-1,6,0,6,0,6,0,6,1,5,1,5,1,0,0,0,0,0,0,0,0,0,0"
1766018563.6950464,RX,"0,0,0,0,0,0,0,0,0,0,0,0,9,-6,9,-5,9,-6,9,-5,9,-5,8,-5,8,-6,7,-6,7,-6,7,-6,8,-6,7,-6,7,-6,7,-6,6,-6,7,-7,6,-7,6,-7,5,-7,5,-7,5,-6,5,-7,5,-7,5,-8,6,-7,6,-7,0,0,5,-8,6,-7,6,-7,6,-8,6,-7,6,-7,6,-7,6,-7,6,-7,6,-6,6,-6,6,-5,6,-5,6,-5,6,-5,6,-5,6,-4,6,-4,6,-4,5,-4,5,-3,5,-3,5,-3,5,-2,5,-2,5,-2,0,0,0,0,0,0,0,0,0,0"
1766018563.71035,RX,"0,0,0,0,0,0,0,0,0,0,0,0,-11,-3,-11,-3,-12,-2,-11,-3,-11,-3,-10,-2,-10,-2,-10,-2,-10,-2,-10,-1,-10,-2,-10,-1,-10,-1,-10,-1,-9,-1,-10,-1,-10,0,-9,0,-9,1,-9,0,-9,0,-10,0,-9,1,-10,1,-10,1,-10,1,0,0,-10,1,-10,1,-10,1,-10,1,-9,0,-10,0,-10,0,-9,0,-9,-1,-9,0,-9,-1,-8,-1,-8,-1,-8,-2,-8,-2,-8,-2,-8,-2,-7,-2,-7,-2,-7,-2,-7,-2,-6,-3,-6,-3,-6,-3,-5,-3,-5,-3,0,0,0,0,0,0,0,0,0,0"
1766018563.726252,RX,"0,0,0,0,0,0,0,0,0,0,0,0,-11,4,-11,4,-11,5,-11,4,-10,4,-10,4,-9,4,-9,5,-9,4,-9,5,-9,4,-9,5,-8,5,-8,5,-8,5,-8,5,-7,6,-7,5,-7,6,-7,6,-7,5,-7,6,-6,5,-7,7,-7,6,-7,6,0,0,-7,7,-7,6,-7,6,-7,6,-7,6,-8,6,-8,6,-7,5,-8,5,-7,5,-8,5,-7,4,-7,4,-8,4,-7,4,-8,3,-7,3,-7,3,-7,3,-7,2,-7,2,-7,2,-6,1,-7,1,-6,1,-6,0,0,0,0,0,0,0,0,0,0,0"
1766018563.7391927,RX,"0,0,0,0,0,0,0,0,0,0,0,0,-3,10,-3,10,-3,10,-4,10,-3,10,-3,9,-2,9,-2,9,-2,9,-2,9,-2,9,-2,9,-2,9,-2,8,-2,8,-1,9,0,9,-1,8,0,8,0,8,0,8,0,8,0,8,0,9,0,8,0,9,0,0,0,9,0,9,0,9,0,9,0,8,-1,8,-1,9,-1,8,-1,9,-1,9,-2,8,-1,7,-2,7,-2,7,-2,7,-2,7,-3,7,-3,7,-3,6,-3,6,-3,6,-3,5,-3,5,-3,5,-4,4,-4,4,0,0,0,0,0,0,0,0,0,0"
1766018563.7522519,RX,"0,0,0,0,0,0,0,0,0,0,0,0,-10,6,-10,6,-10,7,-10,6,-9,6,-9,6,-9,6,-8,6,-8,6,-7,6,-8,6,-8,7,-8,6,-7,6,-7,6,-7,7,-6,7,-6,7,-6,7,-6,7,-6,7,-6,7,-5,7,-5,8,-6,7,-6,8,0,0,-6,8,-6,8,-6,8,-6,8,-6,7,-6,7,-6,7,-6,7,-6,7,-6,7,-7,7,-6,6,-6,5,-6,5,-6,5,-6,5,-7,5,-6,5,-6,4,-6,4,-6,4,-6,3,-6,3,-6,2,-6,2,-6,2,0,0,0,0,0,0,0,0,0,0"
1766018563.763935,RX,"0,0,0,0,0,0,0,0,0,0,0,0,5,9,5,9,5,9,5,9,5,8,5,8,5,8,5,8,5,8,6,7,5,7,6,7,6,7,6,7,5,6,6,7,6,6,6,5,6,5,6,5,6,5,6,5,6,5,7,5,7,5,7,6,0,0,7,5,7,6,7,6,7,6,7,5,7,5,6,5,6,5,6,6,6,6,6,6,5,5,5,6,5,6,4,6,4,6,4,6,4,6,4,6,3,5,3,5,3,5,2,5,2,5,1,5,1,5,0,0,0,0,0,0,0,0,0,0"
1766018563.7793024,RX,"0,0,0,0,0,0,0,0,0,0,0,0,-6,-11,-6,-11,-6,-11,-5,-11,-6,-10,-6,-10,-6,-10,-6,-9,-6,-9,-6,-8,-6,-9,-7,-9,-7,-8,-6,-8,-6,-8,-7,-8,-7,-8,-7,-7,-7,-7,-7,-7,-7,-7,-8,-7,-7,-6,-8,-6,-8,-7,-8,-7,0,0,-8,-7,-8,-7,-8,-7,-8,-7,-7,-7,-7,-7,-7,-7,-7,-7,-7,-7,-7,-8,-6,-8,-6,-7,-6,-7,-6,-7,-5,-7,-5,-7,-5,-7,-4,-7,-4,-7,-4,-6,-4,-7,-3,-6,-3,-6,-3,-7,-2,-6,-2,-6,0,0,0,0,0,0,0,0,0,0"
1766018563.791456,RX,"0,0,0,0,0,0,0,0,0,0,0,0,10,3,10,3,11,2,10,3,10,2,9,2,9,2,9,1,9,1,9,1,9,1,10,1,9,1,9,1,8,0,9,0,9,-1,8,0,9,-1,9,-1,8,-1,9,-1,8,-1,9,-2,9,-1,9,-1,0,0,9,-2,9,-1,9,-2,9,-1,9,-1,9,-1,9,-1,9,-1,8,-1,9,0,9,0,8,0,8,0,8,0,7,1,7,1,7,1,7,1,7,1,6,1,6,1,6,1,5,2,5,2,5,2,4,2,0,0,0,0,0,0,0,0,0,0"
1766018563.807797,RX,"0,0,0,0,0,0,0,0,0,0,0,0,-12,-1,-12,-1,-12,0,-12,-1,-11,-1,-11,-1,-11,0,-10,0,-10,0,-10,1,-10,0,-11,1,-10,1,-10,1,-10,1,-10,1,-10,2,-9,2,-9,2,-9,2,-9,2,-9,3,-9,2,-10,3,-10,2,-10,2,0,0,-10,3,-10,3,-10,3,-10,3,-9,2,-10,2,-10,2,-9,2,-9,2,-10,1,-10,1,-9,1,-9,1,-9,0,-8,0,-9,0,-9,0,-8,-1,-8,0,-7,-1,-7,-1,-7,-1,-7,-2,-7,-2,-6,-2,-6,-2,0,0,0,0,0,0,0,0,0,0"
1766018563.8477414,RX,"0,0,0,0,0,0,0,0,0,0,0,0,9,-4,9,-4,10,-5,9,-4,9,-4,9,-4,8,-4,8,-5,8,-4,8,-58,4,8,5,8,5,8,4,8,4,8,4,8,4,9,3,8,3,8,2,8,2,8,2,8,2,8,2,9,2,8,3,9,2,0,0,9,2,9,3,9,3,9,3,8,3,9,3,9,3,8,3,8,3,8,3,7,4,7,3,7,4,7,4,6,4,6,4,6,4,5,4,5,4,5,4,5,4,4,4,4,4,4,4,3,4,3,4,0,0,0,0,0,7,4,6,4,6,4,6,4,5,4,5,4,5,4,5,4,4,4,4,4,4,4,3,4,3,4,0,0,0,0,0,7,4,6,4,6,4,6,4,5,4,5,4,5,4,5,4,4,4,4,4,4,4,3,4,3,4,0,0,0,0,0,7,4,6,4,6,4,6,4,5,4,5,4,5,4,5,4,4,4,4,4,4,4,3,4,3,4,0,0,0,0,0,7,4,6,4,6,4,6,4,5,4,5,4,5,4,5,4,4,4,4,4,4,4,3,4,3,4,0,0,0,0,0,7,4,6,4,6,4,6,4,5,4,5,4,5,4,5,4,4,4,4,4,4,4,3,4,3,4,0,0,0,0,0,7,4,6,4,6,4,6,4,5,4,5,4,5,4,5,4,4,4,4,4,4,4,3,4,3,4,0,0,0,0,0,7,4,6,4,6,4,6,4,5,4,5,4,5,4,5,4,4,4,4,4,4,4,3,4,3,4,0,0,0,0,0,[0,0,0,0,0,0,0,0,0,0,0,0,-11,-4,-11,-4,-12,-3,-11,-4,-11,-3,-10,-3,-10,-3,-10,-2,-10,-2,-10,-2,-10,-3,-11,-2,-10,-2,-10,-1,-10,-1,-10,-1,-10,0,-9,-1,-10,0,-10,0,-9,0,-10,0,-9,0,-10,1,-10,0,-10,0,0,0,-10,1,-10,0,-10,0,-10,0,-10,0,-10,0,-10,0,-10,0,-9,-1,-9,0,-10,-1,-9,-1,-9,-1,-9,-1,-8,-2,-8,-2,-8,-2,-8,-2,-8,-2,-7,-2,-7,-2,-7,-2,-7,-3,-6,-3,-6,-3,-5,-3,0,0,0,0,0,0,0,0,0,0"
1766018563.8615267,RX,"0,0,0,0,0,0,0,0,0,0,0,0,-11,2,-11,2,-12,2,-12,2,-11,2,-10,2,-10,2,-10,3,-10,2,-9,3,-10,3,-10,3,-9,3,-9,3,-9,3,-9,3,-9,4,-8,4,-8,5,-8,4,-8,4,-8,5,-7,4,-8,5,-8,5,-8,5,0,0,-8,5,-8,5,-9,5,-8,5,-8,4,-8,5,-9,4,-8,4,-8,4,-8,4,-9,3,-8,3,-8,3,-8,3,-8,2,-8,2,-8,2,-8,2,-7,2,-7,1,-7,1,-7,1,-7,0,-7,0,-6,0,-6,-1,0,0,0,0,0,0,0,0,0,0"
1766018563.873391,RX,"0,0,0,0,0,0,0,0,0,0,0,0,-1,11,-1,11,0,12,-1,10,-1,10,-1,10,0,10,0,10,0,10,0,10,0,10,1,10,1,9,1,9,1,8,1,10,2,9,2,9,2,8,2,8,2,8,2,8,2,8,3,8,2,9,3,9,0,0,3,9,2,9,2,8,3,9,2,8,2,9,2,9,2,8,1,9,2,9,1,9,1,8,0,8,0,8,0,8,0,8,0,8,-1,7,-1,7,-1,7,-1,6,-1,6,-2,6,-2,6,-2,5,-2,5,0,0,0,0,0,0,0,0,0,0"
1766018563.8843386,RX,"0,0,0,0,0,0,0,0,0,0,0,0,8,7,8,7,9,7,8,7,8,6,7,6,8,6,8,5,7,5,8,5,7,5,8,5,8,4,7,4,7,4,8,4,8,3,7,3,8,3,8,3,8,3,8,2,8,2,9,2,8,3,8,3,0,0,9,2,8,3,9,2,9,3,8,3,8,3,8,3,8,3,8,3,7,3,7,4,7,3,7,4,7,3,6,4,6,4,6,4,5,4,5,4,5,4,5,4,4,4,4,4,4,4,3,4,3,4,0,0,0,0,0,0,0,0,0,0"
1766018563.895466,RX,"0,0,0,0,0,0,0,0,0,0,0,0,0,11,1,11,1,11,0,10,1,10,1,10,1,9,2,9,1,9,2,9,2,9,2,9,2,8,2,8,2,8,3,9,3,8,3,8,4,7,3,7,3,7,4,7,4,7,5,7,4,8,4,8,0,0,5,8,4,8,4,8,4,8,4,7,4,8,4,8,3,8,3,8,3,8,3,8,2,7,2,7,2,7,1,7,2,7,1,7,1,7,1,7,1,6,0,6,0,6,0,6,0,6,-1,5,-1,5,0,0,0,0,0,0,0,0,0,0"
1766018563.9084406,RX,"0,0,0,0,0,0,0,0,0,0,0,0,-4,9,-4,10,-4,10,-4,10,-4,9,-4,9,-3,9,-3,9,-3,9,-2,8,-3,9,-2,9,-2,9,-2,9,-2,8,-2,8,-1,9,-1,8,-1,9,-1,8,-1,8,-1,8,0,8,0,8,-1,8,0,9,0,0,0,9,-1,8,0,9,0,9,-1,9,-1,8,-1,8,-1,8,-1,8,-1,8,-2,8,-2,7,-2,7,-2,7,-2,7,-2,7,-3,6,-3,7,-3,6,-3,6,-3,6,-3,5,-3,5,-3,5,-3,4,-4,4,0,0,0,0,0,0,0,0,0,0"
1766018563.9183726,RX,"0,0,0,0,0,0,0,0,0,0,0,0,8,7,8,7,8,7,7,7,7,7,7,6,7,6,7,6,7,6,8,5,7,6,8,5,8,5,8,4,7,4,8,5,8,4,7,4,8,3,8,4,7,4,8,3,7,3,9,3,8,3,8,4,0,0,9,3,8,4,8,4,8,4,8,4,8,4,8,4,7,4,7,5,7,4,7,5,6,4,6,4,6,5,6,5,5,5,5,5,5,5,4,5,4,5,4,5,3,5,4,4,3,5,2,5,2,4,0,0,0,0,0,0,0,0,0,0"
