1766018554.7976947,RX,"0,0,0,0,0,0,0,0,0,0,0,0,6,-11,6,-11,6,-11,6,-10,5,-10,5,-10,4,-10,4,-10,4,-10,3,-10,4,-10,4,-10,3,-10,3,-10,3,-9,3,-10,2,-10,2,-10,2,-10,2,-10,1,-9,1,-10,1,-10,2,-10,2,-10,1,-11,0,0,1,-11,2,-10,2,-11,2,-11,2,-10,2,-10,2,-10,2,-10,2,-10,2,-10,3,-10,3,-9,3,-9,3,-8,3,-8,4,-8,4,-8,4,-8,4,-8,4,-7,4,-7,4,-6,4,-6,4,-5,4,-5,4,-5,0,0,0,0,0,0,0,0,0,0"
1766018554.81859,RX,"0,0,0,0,0,0,0,0,0,0,0,0,-12,1,-12,1,-12,1,-12,1,-11,1,-11,1,-11,2,-10,2,-10,2,-10,2,-10,1,-10,2,-10,2,-10,2,-10,3,-10,2,-10,3,-9,3,-9,4,-9,3,-8,3,-9,4,-8,4,-9,4,-9,3,-9,4,0,0,-10,4,-9,3,-10,3,-9,4,-9,3,-10,3,-10,3,-9,3,-9,2,-9,2,-10,2,-9,2,-9,1,-9,1,-8,1,-9,1,-8,0,-9,0,-8,0,-8,0,-8,0,-7,0,-7,-1,-7,-2,-6,-2,-6,-2,0,0,0,0,0,0,0,0,0,0"
1766018554.8395658,RX,"0,0,0,0,0,0,0,0,0,0,0,0,-7,-10,-7,-10,-8,-10,-7,-10,-7,-9,-7,-9,-7,-9,-8,-8,-7,-8,-8,-7,-7,-8,-8,-8,-8,-7,-7,-7,-7,-6,-8,-7,-8,-7,-8,-6,-8,-6,-8,-6,-8,-5,-8,-5,-8,-5,-9,-5,-8,-6,-9,-6,0,0,-9,-6,-9,-6,-9,-6,-9,-6,-8,-6,-8,-6,-8,-6,-8,-6,-8,-6,-8,-6,-8,-7,-7,-6,-7,-6,-7,-7,-6,-7,-6,-7,-6,-7,-6,-7,-6,-6,-5,-6,-5,-6,-4,-6,-4,-6,-4,-6,-3,-6,-3,-6,0,0,0,0,0,0,0,0,0,0"
1766018554.8620338,RX,"0,0,0,0,0,0,0,0,0,0,0,0,0,-12,0,-12,0,-12,0,-12,0,-11,0,-11,-1,-11,-1,-11,-1,-11,-1,-10,-1,-10,-1,-11,-1,-10,-2,-10,-2,-10,-2,-10,-3,-10,-3,-9,-3,-10,-3,-9,-3,-9,-3,-9,-3,-9,-4,-10,-3,-10,-4,-10,0,0,-4,-10,-3,-10,-3,-10,-3,-10,-3,-10,-3,-10,-3,-10,-3,-10,-3,-10,-3,-9,-2,-10,-2,-9,-2,-9,-1,-9,-1,-9,-1,-9,-1,-9,-1,-9,0,-8,0,-8,0,-8,0,-7,1,-7,1,-7,1,-7,1,-6,0,0,0,0,0,0,0,0,0,0"
1766018554.8823564,RX,"0,0,0,0,0,0,0,0,0,0,0,0,-11,3,-11,4,-12,4,-11,3,-11,3,-10,4,-10,4,-10,4,-10,4,-9,4,-10,4,-10,4,-9,4,-9,4,-9,4,-9,5,-8,5,-8,5,-8,6,-8,5,-7,5,-8,6,-7,6,-8,6,-8,5,-8,6,0,0,-8,6,-9,6,-9,6,-9,6,-9,6,-9,5,-9,5,-9,5,-9,5,-9,5,-9,4,-8,4,-8,4,-9,3,-8,3,-8,3,-8,2,-8,2,-8,2,-8,2,-7,1,-8,1,-7,1,-7,0,-7,0,-6,0,0,0,0,0,0,0,0,0,0,0"
1766018554.9028819,RX,"0,0,0,0,0,0,0,0,0,0,0,0,11,-2,11,-2,11,-3,11,-2,10,-2,10,-3,9,-3,9,-3,9,-3,9,-4,9,-3,9,-4,9,-4,8,-4,8,-4,9,-4,8,-5,8,-4,8,-5,8,-5,7,-5,8,-5,7,-5,8,-6,8,-5,8,-6,0,0,8,-6,8,-5,8,-5,8,-5,8,-5,8,-5,8,-5,8,-5,8,-4,8,-5,8,-4,8,-4,8,-3,8,-3,7,-2,8,-2,7,-2,7,-2,7,-2,7,-2,7,-1,7,-1,6,-1,6,0,6,0,5,0,0,0,0,0,0,0,0,0,0,0"
1766018554.9145324,RX,"0,0,0,0,0,0,0,0,0,0,0,0,-3,10,-3,11,-3,11,-3,10,-2,10,-2,10,-2,10,-1,10,-2,9,-1,9,-2,9,-1,10,-1,9,-1,9,-1,9,0,9,0,9,0,9,1,9,1,9,1,8,1,9,2,8,1,9,1,9,1,9,0,0,2,9,1,9,1,9,1,9,1,9,1,9,1,9,1,9,0,9,1,8,0,9,0,8,-1,8,-1,8,-1,8,-1,8,-1,7,-1,8,-1,7,-2,7,-2,7,-2,6,-2,6,-3,6,-3,5,-3,5,0,0,0,0,0,0,0,0,0,0"
1766018554.9368024,RX,"0,0,0,0,0,0,0,0,0,0,0,0,2,-12,2,-12,2,-12,3,-12,2,-11,2,-11,1,-11,1,-11,1,-11,1,-11,1,-11,0,-11,0,-10,0,-10,0,-10,0,-11,-1,-10,-1,-10,-1,-10,-1,-10,-1,-9,-1,-10,-2,-10,-2,-11,-1,-10,-2,-11,0,0,-2,-11,-1,-11,-2,-11,-2,-11,-1,-10,-1,-10,-1,-10,-1,-10,0,-10,-1,-10,0,-10,0,-10,0,-9,0,-9,1,-9,1,-9,1,-9,1,-9,1,-8,1,-8,2,-8,2,-7,2,-7,2,-7,2,-6,3,-6,0,0,0,0,0,0,0,0,0,0"
1766018554.9530113,RX,"0,0,0,0,0,0,0,0,0,0,0,0,11,1,10,0,12,0,10,1,11,0,10,0,10,0,9,0,9,0,10,-1,9,0,10,-1,9,-1,9,-1,8,-1,9,-1,9,-2,9,-2,9,-3,9,-2,8,-2,9,-3,8,-3,9,-3,9,-3,9,-3,0,0,9,-3,9,-3,9,-3,10,-2,9,-2,9,-2,9,-2,9,-2,9,-1,9,-2,9,-1,8,-1,8,-1,8,-1,8,0,7,0,8,0,7,0,7,1,7,1,6,1,6,1,6,1,6,2,5,2,5,2,0,0,0,0,0,0,0,0,0,0"
1766018554.9731898,RX,"0,0,0,0,0,0,0,0,0,0,0,0,-4,-11,-4,-11,-5,-12,-4,-11,-4,-11,-4,-10,-4,-10,-5,-10,-4,-10,-5,-10,-4,-10,-5,-10,-5,-9,-5,-9,-5,-8,-5,-10,-6,-9,-6,-8,-6,-8,-6,-8,-5,-7,-6,-8,-6,-8,-6,-8,-6,-8,-7,-8,0,0,-6,-9,-6,-9,-6,-9,-6,-9,-6,-9,-5,-9,-5,-9,-5,-9,-5,-9,-5,-9,-5,-9,-4,-8,-4,-9,-3,-9,-3,-9,-3,-8,-2,-8,-2,-8,-2,-8,-2,-8,-2,-8,-1,-7,-1,-7,-1,-7,0,-7,0,-6,0,0,0,0,0,0,0,0,0,0"
1766018554.9922974,RX,"0,0,0,0,0,0,0,0,0,0,0,0,-3,11,-3,11,-3,11,-3,11,-2,10,-2,10,-2,10,-1,10,-2,9,-1,10,-1,10,-1,10,-1,10,-1,9,0,9,0,10,1,10,1,9,1,9,1,9,1,8,1,9,1,8,1,9,1,9,2,10,0,0,2,10,1,10,1,10,1,10,1,9,1,9,1,9,1,9,0,9,0,9,0,10,0,9,0,8,-1,8,-1,8,-1,8,-1,8,-1,8,-1,7,-1,7,-2,7,-2,6,-2,6,-2,6,-3,5,-3,5,0,0,0,0,0,0,0,0,0,0"
1766018555.0142057,RX,"0,0,0,0,0,0,0,0,0,0,0,0,11,-4,11,-4,11,-4,11,-4,10,-4,9,-4,10,-4,9,-5,9,-4,9,-5,9,-4,9,-5,8,-5,9,-5,8,-5,8,-5,8,-6,7,-5,8,-6,7,-6,7,-6,7,-6,7,-6,7,-7,8,-6,7,-7,0,0,8,-7,8,-6,8,-6,8,-6,8,-6,8,-6,8,-6,8,-6,8,-6,7,-5,8,-5,7,-5,8,-5,8,-4,8,-4,7,-4,7,-3,7,-3,7,-3,7,-2,7,-2,6,-2,7,-2,6,-1,6,-1,6,-1,0,0,0,0,0,0,0,0,0,0"
1766018555.0315483,RX,"0,0,0,0,0,0,0,0,0,0,0,0,-11,-3,-12,-3,-12,-3,-11,-3,-11,-3,-11,-2,-11,-2,-11,-2,-10,-2,-10,-1,-10,-2,-11,-2,-10,-1,-10,-1,-10,-1,-10,-1,-10,0,-9,0,-10,1,-10,0,-9,1,-10,1,-9,1,-10,1,-10,1,-10,1,0,0,-10,1,-10,1,-10,1,-10,1,-10,1,-10,1,-10,0,-10,1,-10,0,-10,0,-10,-1,-9,0,-9,-1,-9,-1,-9,-2,-9,-1,-9,-1,-9,-2,-8,-2,-7,-2,-7,-2,-7,-2,-7,-3,-7,-3,-6,-3,-6,-3,0,0,0,0,0,0,0,0,0,0"
1766018555.046564,RX,"0,0,0,0,0,0,0,0,0,0,0,0,6,9,7,8,7,8,6,8,6,8,6,7,6,7,6,7,6,7,7,6,6,7,7,7,7,6,7,6,7,5,7,6,7,5,7,5,8,5,7,5,7,4,7,4,7,4,8,4,7,5,8,5,0,0,8,5,8,5,8,5,8,5,8,5,8,5,7,5,7,5,7,5,7,5,7,6,6,5,6,5,6,6,5,6,5,6,5,6,4,5,4,6,4,6,4,5,3,5,3,5,3,5,2,5,2,5,0,0,0,0,0,0,0,0,0,0"
1766018555.063445,RX,"0,0,0,0,0,0,0,0,0,0,0,0,6,8,6,8,7,8,6,8,6,7,6,8,6,7,6,7,6,7,6,6,6,7,6,6,6,6,6,6,6,5,6,6,7,5,6,5,7,5,7,5,7,5,7,5,7,4,7,5,7,5,7,5,0,0,7,5,7,5,7,5,7,5,7,5,7,6,6,6,6,5,6,6,6,6,6,6,5,6,5,6,5,6,4,6,4,6,4,6,4,6,4,6,3,6,3,6,2,5,2,5,2,5,1,5,1,5,0,0,0,0,0,0,0,0,0,0"
1766018555.0819464,RX,"0,0,0,0,0,0,0,0,0,0,0,0,-4,10,-4,10,-4,11,-4,10,-4,10,-3,10,-3,10,-2,9,-3,9,-2,9,-3,9,-2,10,-2,9,-2,9,-2,9,-2,9,-1,9,-1,8,-1,9,-1,9,0,8,0,9,0,9,0,9,-1,9,0,9,0,0,0,9,-1,9,0,10,0,10,-1,9,-1,9,-1,9,-1,9,-1,9,-1,9,-2,9,-2,8,-2,8,-2,8,-2,8,-3,8,-3,7,-3,7,-3,7,-3,7,-3,6,-3,6,-4,5,-4,5,-4,5,-4,4,0,0,0,0,0,0,0,0,0,0"
1766018555.0993605,RX,"0,0,0,0,0,0,0,0,0,0,0,0,10,-6,10,-6,10,-7,10,-6,9,-6,9,-6,8,-7,8,-7,8,-6,8,-7,8,-6,8,-7,8,-7,7,-7,7,-7,7,-7,7,-8,6,-7,6,-8,6,-8,5,-7,6,-8,5,-8,6,-8,6,-8,6,-8,0,0,6,-9,6,-8,6,-8,6,-9,6,-8,6,-8,6,-8,6,-8,6,-7,6,-7,7,-7,6,-7,6,-6,7,-6,6,-6,6,-6,7,-5,6,-5,6,-5,6,-4,6,-4,6,-4,6,-3,6,-3,5,-2,6,-2,0,0,0,0,0,0,0,0,0,0"
1766018555.1190186,RX,"0,0,0,0,0,0,0,0,0,0,0,0,-12,1,-12,1,-12,1,-12,0,-11,1,-11,1,-10,1,-10,2,-10,2,-10,2,-10,2,-10,2,-10,2,-10,2,-9,3,-10,3,-9,3,-9,3,-9,4,-9,4,-8,4,-8,4,-8,4,-9,5,-9,4,-9,4,0,0,-9,5,-9,4,-9,5,-9,5,-9,4,-9,4,-9,4,-9,4,-9,4,-9,4,-9,3,-9,3,-9,3,-9,2,-8,2,-8,2,-8,1,-8,1,-8,1,-7,1,-8,1,-7,0,-7,0,-7,0,-7,-1,-7,-1,0,0,0,0,0,0,0,0,0,0"
1766018555.1349275,RX,"0,0,0,0,0,0,0,0,0,0,0,0,10,2,9,2,10,2,9,2,9,2,9,2,9,1,9,1,9,1,9,0,8,1,9,1,8,0,8,0,8,0,9,0,8,-1,8,-1,8,-1,8,-1,8,-1,8,-1,8,-2,8,-2,8,-1,8,-1,0,0,9,-1,8,-2,9,-2,9,-1,8,-1,8,-1,8,-1,8,-1,8,0,8,-1,8,0,8,0,8,0,8,0,7,1,7,1,7,1,7,1,7,1,6,1,6,2,6,2,5,2,5,2,4,2,4,2,0,0,0,0,0,0,0,0,0,0"
1766018555.1554582,RX,"0,0,0,0,0,0,0,0,0,0,0,0,-10,-8,-10,-8,-10,-8,-10,-8,-10,-7,-9,-7,-9,-6,-9,-6,-9,-6,-9,-6,-9,-6,-9,-6,-9,-5,-9,-5,-9,-5,-10,-5,-10,-4,-9,-4,-10,-4,-9,-4,-9,-4,-9,-4,-9,-3,-10,-3,-10,-4,-10,-4,0,0,-10,-4,-10,-4,-10,-4,-10,-4,-9,-4,-10,-4,-9,-4,-9,-4,-10,-5,-9,-5,-9,-5,-8,-5,-8,-5,-8,-5,-8,-5,-8,-5,-7,-5,-7,-5,-7,-6,-6,-5,-6,-6,-5,-5,-5,-6,-5,-6,-4,-6,-4,-6,0,0,0,0,0,0,0,0,0,0"
1766018555.171257,RX,"0,0,0,0,0,0,0,0,0,0,0,0,1,11,1,11,2,11,1,10,2,10,1,10,2,10,2,9,2,9,2,9,2,9,3,9,2,9,3,8,3,8,3,9,4,8,4,8,4,8,4,8,3,7,4,8,4,7,4,8,4,8,4,8,0,0,5,8,4,8,4,8,4,8,4,8,4,8,3,8,3,8,3,8,3,8,3,8,2,8,2,8,2,8,2,8,2,8,1,7,1,7,1,7,0,7,0,7,0,6,0,6,-1,6,-1,6,-1,6,0,0,0,0,0,0,0,0,0,0"
1766018555.1954029,RX,"0,0,0,0,0,0,0,0,0,0,0,0,-2,-12,-2,-12,-2,-12,-2,-12,-2,-12,-3,-11,-3,-11,-3,-11,-3,-11,-3,-10,-3,-11,-3,-11,-3,-10,-4,-10,-4,-10,-4,-10,-4,-10,-4,-9,-5,-9,-4,-9,-4,-9,-5,-9,-5,-8,-5,-9,-5,-9,-5,-10,0,0,-5,-10,-5,-9,-5,-10,-5,-10,-5,-9,-4,-10,-5,-9,-4,-9,-4,-10,-4,-10,-3,-10,-3,-9,-3,-9,-3,-9,-2,-9,-2,-9,-1,-9,-2,-9,-1,-8,-1,-8,-1,-8,-1,-7,0,-8,0,-7,0,-7,1,-7,0,0,0,0,0,0,0,0,0,0"
1766018555.2188902,RX,"0,0,0,0,0,0,0,0,0,0,0,0,-11,4,-11,5,-11,5,-10,4,-10,5,-9,4,-10,5,-9,5,-9,5,-9,5,-9,5,-9,5,-8,5,-8,5,-8,5,-8,6,-7,6,-7,6,-7,6,-7,6,-6,6,-7,6,-6,6,-7,7,-7,6,-7,7,0,0,-7,7,-7,7,-7,7,-7,7,-7,7,-7,6,-7,6,-7,6,-7,6,-7,6,-8,6,-7,5,-7,5,-7,4,-7,5,-7,4,-7,4,-7,4,-7,4,-7,3,-7,3,-7,3,-7,2,-7,2,-6,1,-6,1,0,0,0,0,0,0,0,0,0,0"
1766018555.2420185,RX,"0,0,0,0,0,0,0,0,0,0,0,0,-11,-4,-11,-5,-11,-4,-11,-4,-10,-4,-10,-4,-10,-3,-10,-3,-10,-3,-10,-2,-10,-3,-10,-3,-10,-2,-10,-2,-10,-2,-10,-2,-10,-1,-9,-1,-10,-1,-9,-1,-9,-1,-10,-1,-9,0,-10,0,-10,0,-10,0,0,0,-10,0,-10,-1,-11,-1,-10,-1,-10,0,-10,-1,-10,-1,-9,-1,-10,-1,-9,-1,-10,-2,-9,-1,-9,-2,-9,-2,-8,-2,-8,-3,-8,-3,-8,-3,-7,-3,-7,-3,-7,-3,-7,-3,-6,-3,-6,-3,-5,-4,-5,-4,0,0,0,0,0,0,0,0,0,0"
1766018555.2639408,RX,"0,0,0,0,0,0,0,0,0,0,0,0,4,-11,4,-11,4,-12,4,-10,3,-10,3,-10,3,-10,2,-10,2,-10,2,-11,3,-10,2,-10,2,-10,2,-10,1,-9,1,-10,1,-10,1,-10,0,-9,0,-10,0,-9,0,-10,0,-10,0,-10,0,-10,0,-10,0,0,0,-10,0,-10,0,-10,0,-11,0,-10,1,-10,1,-10,1,-10,1,-10,1,-10,1,-10,1,-9,2,-9,2,-9,2,-8,2,-8,2,-8,2,-8,2,-7,2,-7,3,-7,3,-6,3,-6,3,-6,3,-5,3,-5,0,0,0,0,0,0,0,0,0,0"
1766018555.282106,RX,"0,0,0,0,0,0,0,0,0,0,0,0,6,-10,6,-10,6,-10,6,-9,6,-9,5,-9,5,-9,5,-9,4,-9,4,-9,5,-9,4,-9,4,-9,4,-9,3,-9,4,-9,3,-10,2,-9,2,-10,2,-9,2,-9,2,-9,2,-9,2,-10,2,-10,2,-10,0,0,2,-10,3,-10,2,-10,2,-10,2,-9,2,-10,3,-9,2,-9,3,-9,3,-9,4,-9,3,-8,3,-8,3,-8,4,-8,4,-7,4,-7,4,-7,4,-7,3,-6,4,-6,4,-6,4,-5,4,-5,4,-4,4,-4,0,0,0,0,0,0,0,0,0,0"
1766018555.30253,RX,"0,0,0,0,0,0,0,0,0,0,0,0,-10,-7,-10,-7,-11,-7,-10,-7,-10,-6,-9,-6,-9,-6,-9,-5,-9,-6,-9,-5,-9,-5,-10,-5,-9,-5,-9,-4,-9,-4,-9,-5,-10,-4,-9,-4,-10,-3,-9,-3,-9,-3,-9,-3,-9,-3,-10,-3,-9,-3,-10,-3,0,0,-10,-3,-10,-3,-10,-3,-10,-3,-9,-3,-10,-3,-10,-4,-9,-3,-9,-4,-9,-4,-9,-4,-8,-4,-8,-4,-8,-5,-7,-5,-7,-5,-7,-5,-7,-5,-7,-5,-6,-5,-6,-5,-6,-5,-5,-5,-5,-5,-4,-5,-4,-5,0,0,0,0,0,0,0,0,0,0"
1766018555.3203056,RX,"0,0,0,0,0,0,0,0,0,0,0,0,11,-2,11,-3,11,-3,10,-3,10,-3,9,-3,9,-4,9,-3,9,-3,9,-4,9,-3,9,-4,9,-4,9,-4,8,-4,9,-4,8,-5,8,-4,8,-5,8,-5,7,-4,7,-5,7,-5,8,-5,8,-5,8,-5,0,0,8,-5,8,-5,9,-5,8,-5,8,-5,8,-5,8,-4,8,-4,8,-4,8,-4,8,-3,8,-3,8,-3,8,-3,8,-2,7,-2,7,-2,7,-2,7,-2,7,-1,6,-1,6,-1,6,0,6,0,5,0,5,0,0,0,0,0,0,0,0,0,0,0"
1766018555.3401785,RX,"0,0,0,0,0,0,0,0,0,0,0,0,-10,-6,-10,-6,-11,-6,-10,-6,-10,-6,-10,-6,-10,-5,-10,-4,-10,-5,-10,-4,-9,-5,-10,-4,-10,-4,-10,-4,-9,-3,-10,-4,-9,-3,-9,-3,-10,-2,-9,-2,-9,-2,-9,-2,-9,-2,-10,-2,-10,-2,-10,-2,0,0,-10,-2,-10,-3,-10,-2,-10,-3,-10,-2,-10,-3,-10,-3,-9,-2,-9,-3,-9,-3,-9,-4,-8,-4,-8,-4,-8,-4,-8,-4,-8,-4,-8,-5,-7,-4,-7,-4,-7,-4,-6,-5,-6,-5,-6,-5,-5,-5,-4,-5,-4,-5,0,0,0,0,0,0,0,0,0,0"
1766018555.3594708,RX,"0,0,0,0,0,0,0,0,0,0,0,0,3,-11,3,-11,3,-11,4,-11,3,-11,2,-11,2,-10,2,-10,2,-10,1,-10,2,-10,1,-10,1,-10,1,-10,1,-9,1,-10,0,-10,0,-10,-1,-10,0,-10,0,-9,-1,-10,-1,-10,-1,-11,-1,-10,-2,-11,0,0,-1,-10,-1,-10,-1,-10,-1,-11,-1,-10,0,-10,0,-10,0,-10,0,-10,0,-10,0,-10,0,-9,0,-9,1,-9,1,-9,1,-9,1,-8,1,-8,2,-8,2,-8,2,-7,2,-7,2,-6,2,-6,2,-6,3,-5,0,0,0,0,0,0,0,0,0,0"
1766018555.374888,RX,"0,0,0,0,0,0,0,0,0,0,0,0,9,5,9,5,10,5,9,5,9,5,8,4,9,4,9,4,8,3,9,3,8,4,9,3,8,3,8,3,7,2,9,3,8,2,8,2,8,1,8,1,8,1,8,1,8,1,9,1,9,1,9,1,0,0,9,1,9,1,9,1,9,1,8,1,9,2,8,2,8,1,8,2,8,2,8,3,7,2,7,2,7,2,7,3,6,3,7,3,6,3,6,3,6,3,5,3,5,3,5,3,4,4,4,4,3,4,0,0,0,0,0,0,0,0,0,0"
1766018555.394767,RX,"0,0,0,0,0,0,0,0,0,0,0,0,-11,1,-11,1,-12,1,-11,1,-11,1,-11,1,-11,1,-10,2,-10,1,-10,2,-10,1,-10,2,-10,2,-9,2,-9,2,-10,2,-9,3,-9,3,-9,3,-9,3,-8,3,-9,3,-8,3,-9,4,-9,3,-9,4,0,0,-9,4,-9,3,-9,3,-9,4,-9,3,-9,3,-9,3,-9,3,-9,2,-9,2,-9,2,-9,2,-8,1,-9,1,-8,1,-8,1,-8,0,-8,0,-8,0,-8,0,-7,0,-7,-1,-7,-1,-7,-1,-6,-1,-6,-2,0,0,0,0,0,0,0,0,0,0"
1766018555.4149609,RX,"0,0,0,0,0,0,0,0,0,0,0,0,9,-6,9,-7,9,-7,9,-6,8,-6,8,-7,8,-7,7,-7,7,-7,7,-7,7,-7,7,-7,7,-7,7,-7,6,-7,6,-7,6,-8,5,-7,6,-8,5,-8,5,-7,5,-8,5,-7,5,-8,5,-8,5,-8,0,0,5,-9,5,-8,6,-8,5,-8,6,-8,6,-8,6,-8,5,-8,6,-8,5,-7,6,-7,6,-6,6,-6,6,-6,6,-5,6,-5,6,-5,6,-5,6,-5,5,-5,5,-4,5,-4,5,-3,6,-3,5,-2,5,-2,0,0,0,0,0,0,0,0,0,0"
1766018555.431236,RX,"0,0,0,0,0,0,0,0,0,0,0,0,4,10,5,10,5,10,4,10,4,9,4,9,5,9,5,8,5,8,5,8,4,9,5,9,5,8,5,7,5,7,5,8,6,7,5,7,6,7,6,6,6,6,6,6,6,6,7,6,6,6,6,7,0,0,7,7,6,7,7,7,6,7,6,7,6,7,6,7,6,7,5,7,5,7,5,8,4,7,4,7,4,7,4,7,4,7,3,7,3,7,3,7,3,6,2,6,2,6,1,6,1,6,0,6,0,6,0,0,0,0,0,0,0,0,0,0"
1766018555.4558613,RX,"0,0,0,0,0,0,0,0,0,0,0,0,-11,-4,-12,-4,-12,-4,-12,-4,-11,-4,-11,-4,-11,-3,-11,-3,-10,-3,-11,-2,-10,-3,-11,-3,-10,-2,-10,-2,-10,-2,-10,-2,-10,-1,-10,-1,-10,-1,-10,-1,-10,-1,-10,-1,-10,0,-10,0,-10,-1,-11,-1,0,0,-11,-1,-10,-1,-11,-1,-11,-1,-10,-1,-10,-1,-10,-2,-10,-2,-10,-2,-10,-2,-10,-3,-9,-2,-9,-3,-9,-3,-9,-3,-9,-3,-8,-3,-8,-4,-8,-3,-7,-4,-7,-4,-7,-4,-6,-4,-6,-4,-5,-4,-5,-4,0,0,0,0,0,0,0,0,0,0"
1766018555.4801524,RX,"0,0,0,0,0,0,0,0,0,0,0,0,-5,-11,-5,-11,-5,-11,-4,-11,-5,-10,-5,-10,-5,-10,-5,-10,-5,-9,-5,-9,-5,-9,-6,-9,-5,-9,-5,-8,-6,-8,-6,-9,-6,-8,-6,-8,-7,-8,-7,-7,-6,-7,-7,-7,-7,-7,-7,-7,-7,-8,-7,-8,0,0,-7,-8,-7,-8,-7,-8,-7,-8,-6,-7,-6,-8,-6,-8,-6,-8,-6,-8,-6,-8,-5,-9,-5,-8,-5,-8,-5,-8,-4,-8,-4,-8,-4,-8,-4,-8,-3,-8,-3,-7,-3,-7,-3,-7,-2,-7,-2,-7,-1,-6,-1,-6,0,0,0,0,0,0,0,0,0,0"
1766018555.4953282,RX,"0,0,0,0,0,0,0,0,0,0,0,0,2,11,2,11,2,11,2,10,2,10,2,10,3,10,3,9,3,9,3,9,3,9,3,9,3,8,3,8,3,8,4,8,4,8,4,8,5,8,4,8,4,7,4,7,5,7,5,7,5,7,5,8,0,0,5,8,5,7,5,8,5,8,4,8,4,8,4,8,4,7,4,8,4,8,4,8,3,7,3,7,3,7,2,8,2,7,2,7,2,7,2,7,1,6,1,6,0,6,0,6,0,6,0,6,-1,5,0,0,0,0,0,0,0,0,0,0"
1766018555.5154493,RX,"0,0,0,0,0,0,0,0,0,0,0,0,-11,-5,-11,-5,-12,-5,-11,-5,-11,-4,-10,-4,-10,-4,-10,-3,-10,-4,-11,-3,-10,-3,-11,-3,-10,-2,-10,-2,-10,-2,-10,-3,-10,-2,-10,-2,-10,-1,-10,-1,-9,-1,-10,-1,-10,-1,-10,0,-10,-1,-10,-1,0,0,-11,-1,-10,-1,-11,-1,-11,-1,-10,-1,-10,-1,-10,-2,-10,-2,-10,-2,-10,-2,-10,-2,-9,-2,-9,-3,-9,-3,-8,-3,-8,-3,-8,-3,-8,-3,-8,-4,-7,-4,-7,-4,-7,-4,-6,-4,-6,-4,-5,-4,-5,-4,0,0,0,0,0,0,0,0,0,0"
1766018555.538185,RX,"0,0,0,0,0,0,0,0,0,0,0,0,-1,-12,-1,-12,-1,-12,-1,-11,-1,-11,-1,-11,-2,-11,-2,-10,-2,-10,-3,-10,-2,-10,-2,-10,-3,-10,-3,-10,-3,-9,-3,-10,-4,-10,-4,-9,-4,-9,-4,-9,-4,-9,-4,-9,-4,-9,-4,-9,-4,-9,-5,-10,0,0,-5,-10,-4,-9,-4,-10,-4,-10,-4,-10,-4,-9,-4,-10,-4,-9,-4,-10,-3,-10,-3,-10,-3,-9,-2,-9,-2,-9,-2,-9,-2,-9,-1,-9,-1,-9,-1,-8,-1,-8,0,-7,0,-7,0,-7,0,-7,1,-7,1,-6,0,0,0,0,0,0,0,0,0,0"
1766018555.554629,RX,"0,0,0,0,0,0,0,0,0,0,0,0,3,11,3,11,4,11,2,10,3,10,3,9,3,10,3,9,3,9,4,9,3,9,4,9,4,8,4,8,4,8,4,9,5,8,5,8,5,7,5,7,5,7,5,7,5,7,6,7,5,7,6,8,0,0,6,8,5,8,5,8,6,8,5,7,5,8,4,8,4,8,4,8,4,8,4,8,4,7,3,7,3,7,3,8,2,7,2,7,2,7,2,7,1,7,1,7,1,6,0,6,0,6,0,6,0,5,0,0,0,0,0,0,0,0,0,0"
1766018555.5750186,RX,"0,0,0,0,0,0,0,0,0,0,0,0,-11,-3,-12,-3,-12,-3,-11,-3,-11,-2,-11,-2,-11,-2,-10,-1,-10,-2,-11,-1,-10,-2,-10,-1,-10,-1,-10,-1,-10,0,-10,0,-10,0,-10,0,-10,1,-10,1,-9,1,-10,1,-9,1,-10,1,-10,1,-10,1,0,0,-10,1,-10,1,-10,1,-10,1,-10,1,-10,1,-10,1,-10,1,-10,0,-10,0,-10,0,-9,0,-9,-1,-9,-1,-9,-1,-9,-1,-9,-1,-8,-2,-8,-2,-7,-2,-7,-2,-7,-2,-7,-2,-7,-3,-6,-3,-6,-3,0,0,0,0,0,0,0,0,0,0"
1766018555.5908818,RX,"0,0,0,0,0,0,0,0,0,0,0,0,6,-10,6,-10,6,-11,6,-10,6,-10,5,-10,5,-10,5,-10,5,-9,4,-10,4,-9,4,-10,4,-10,4,-10,3,-9,3,-10,3,-10,2,-9,2,-10,2,-10,2,-9,2,-10,2,-9,2,-10,2,-10,2,-10,0,0,2,-10,2,-10,2,-10,2,-                                                              0,0,0,0,0,0,0"
1766018555.60893,RX,"0,0,0,0,0,0,0,0,0,0,0,0,-5,10,-5,10,-4,10,-5,10,-4,9,-4,10,-3,10,-3,9,-3,9,-3,9,-3,9,-3,9,-3,9,-3,9,-2,9,-2,9,-2,9,-1,9,-1,9,-1,9,-1,8,-1,9,-1,8,-1,9,-1,9,-1,10,0,0,-1,9,-1,9,-1,10,-1,10,-1,9,-1,9,-2,9,-2,9,-2,9,-2,9,-2,9,-2,8,-3,8,-3,8,-3,8,-3,7,-3,7,-3,7,-3,7,-3,6,-4,6,-4,5,-4,5,-4,5,-4,4,-4,4,0,0,0,0,0,0,0,0,0,0"
1766018555.628628,RX,"0,0,0,0,0,0,0,0,0,0,0,0,-10,6,-10,6,-10,7,-10,6,-9,6,-9,6,-9,6,-8,6,-9,6,-8,6,-8,6,-8,7,-8,7,-8,7,-7,7,-7,7,-6,8,-6,7,-6,8,-6,8,-6,7,-6,8,-5,7,-6,8,-6,8,-6,8,0,0,-6,9,-6,8,-6,9,-6,9,-6,8,-6,8,-7,8,-6,8,-7,7,-6,7,-7,7,-6,6,-7,7,-7,6,-6,6,-7,6,-7,5,-7,5,-7,5,-6,5,-6,4,-7,4,-7,3,-6,3,-6,3,-6,2,0,0,0,0,0,0,0,0,0,0"
1766018555.648272,RX,"0,0,0,0,0,0,0,0,0,0,0,0,-6,-11,-6,-10,-7,-10,-5,-10,-6,-10,-6,-9,-6,-9,-6,-9,-7,-9,-7,-8,-6,-9,-7,-9,-7,-8,-7,-8,-7,-7,-7,-8,-7,-7,-7,-7,-8,-6,-8,-7,-7,-6,-8,-6,-8,-6,-8,-7,-8,-7,-9,-7,0,0,-9,-7,-8,-7,-8,-7,-9,-7,-8,-7,-8,-7,-8,-7,-8,-7,-7,-7,-7,-7,-7,-8,-7,-7,-7,-7,-6,-7,-6,-7,-6,-7,-5,-7,-6,-7,-5,-7,-5,-7,-4,-7,-4,-7,-3,-7,-3,-7,-3,-7,-2,-7,0,0,0,0,0,0,0,0,0,0"
1766018555.6657457,RX,"0,0,0,0,0,0,0,0,0,0,0,0,10,-4,10,-4,10,-4,11,-3,10,-4,10,-4,9,-4,9,-4,9,-4,9,-5,8,-4,8,-5,8,-5,8,-5,8,-5,8,-5,8,-6,7,-5,8,-6,7,-6,7,-6,7,-6,6,-6,7,-7,7,-6,7,-7,0,0,7,-7,7,-7,8,-7,7,-7,8,-6,8,-6,8,-6,8,-6,8,-6,8,-5,8,-5,7,-5,8,-5,8,-5,7,-4,8,-4,7,-3,7,-3,7,-3,7,-3,6,-2,7,-2,6,-1,6,-1,6,-1,6,-1,0,0,0,0,0,0,0,0,0,0"
1766018555.6798415,RX,"0,0,0,0,0,0,0,0,0,0,0,0,2,11,2,11,2,11,2,10,2,10,2,10,2,10,3,9,3,9,3,9,3,9,3,9,3,9,3,8,3,8,4,8,4,8,4,8,5,7,4,8,4,7,5,7,5,7,5,7,5,8,5,8,0,0,5,8,5,8,5,8,5,8,5,8,4,8,5,8,4,8,4,8,4,8,4,9,4,8,3,8,3,8,3,8,2,8,2,7,2,7,2,7,2,7,1,7,1,6,0,6,0,6,0,6,-1,6,0,0,0,0,0,0,0,0,0,0"
1766018555.6980734,RX,"0,0,0,0,0,0,0,0,0,0,0,0,10,-6,10,-6,10,-6,10,-5,9,-6,9,-6,9,-6,8,-6,8,-6,8,-7,8,-6,8,-7,8,-7,7,-7,7,-7,7,-7,6,-7,6,-7,6,-8,6,-8,6,-7,6,-8,5,-8,6,-9,7,-8,6,-8,0,0,6,-9,6,-8,6,-8,6,-9,6,-8,6,-8,6,-8,6,-8,7,-8,7,-7,7,-7,6,-7,6,-7,6,-6,7,-6,6,-6,7,-6,6,-5,6,-5,6,-5,6,-4,6,-4,6,-4,6,-3,6,-3,5,-2,0,0,0,0,0,0,0,0,0,0"
1766018555.7197304,RX,"0,0,0,0,0,0,0,0,0,0,0,0,2,-12,2,-12,2,-12,2,-11,2,-12,1,-11,1,-11,1,-11,1,-11,0,-11,1,-11,0,-11,0,-11,0,-11,0,-10,-1,-11,-1,-10,-1,-10,-2,-10,-2,-10,-1,-10,-2,-10,-2,-10,-3,-10,-2,-10,-2,-11,0,0,-2,-11,-2,-11,-2,-11,-2,-11,-2,-10,-2,-10,-1,-10,-2,-10,-1,-10,-2,-10,-1,-10,-1,-10,-1,-10,0,-10,0,-9,0,-9,0,-9,0,-9,1,-9,1,-8,1,-8,1,-7,1,-7,1,-7,2,-7,2,-6,0,0,0,0,0,0,0,0,0,0"
1766018555.7388368,RX,"0,0,0,0,0,0,0,0,0,0,0,0,-11,4,-11,4,-11,5,-11,4,-10,4,-10,4,-10,4,-9,5,-9,4,-9,5,-9,4,-9,5,-9,5,-8,5,-8,5,-8,5,-8,6,-7,5,-7,6,-7,6,-7,5,-7,6,-7,6,-7,6,-8,6,-7,6,0,0,-7,7,-8,6,-8,6,-8,6,-8,6,-8,6,-8,6,-7,6,-8,5,-8,5,-8,5,-7,4,-8,4,-8,4,-7,4,-7,3,-7,3,-7,3,-7,3,-7,3,-7,2,-7,2,-7,1,-7,1,-6,1,-6,0,0,0,0,0,0,0,0,0,0,0"
1766018555.7558424,RX,"0,0,0,0,0,0,0,0,0,0,0,0,-8,8,-8,8,-7,9,-7,8,-7,8,-6,8,-6,8,-6,8,-6,8,-5,8,-6,8,-6,8,-5,8,-5,8,-5,8,-5,8,-4,9,-4,8,-4,9,-4,8,-4,8,-3,8,-3,8,-4,9,-4,9,-3,9,0,0,-3,9,-4,9,-4,9,-4,9,-4,9,-5,9,-4,8,-4,8,-4,8,-4,8,-5,8,-5,7,-5,7,-5,7,-5,7,-6,6,-5,6,-5,6,-5,6,-5,5,-5,5,-6,4,-6,4,-6,4,-6,3,-5,3,0,0,0,0,0,0,0,0,0,0"
1766018555.7748873,RX,"0,0,0,0,0,0,0,0,0,0,0,0,-9,-9,-9,-8,-9,-8,-8,-8,-9,-8,-8,-7,-9,-7,-9,-6,-8,-7,-9,-6,-8,-7,-9,-7,-9,-6,-8,-6,-8,-5,-9,-6,-9,-5,-9,-5,-9,-5,-9,-5,-8,-4,-9,-4,-9,-4,-9,-4,-9,-5,-9,-5,0,0,-9,-5,-9,-5,-9,-5,-10,-5,-9,-5,-9,-5,-9,-5,-9,-5,-8,-5,-8,-6,-8,-6,-7,-5,-7,-6,-7,-6,-7,-6,-6,-6,-6,-6,-6,-6,-6,-6,-5,-6,-5,-6,-5,-6,-4,-6,-4,-6,-3,-6,-3,-6,0,0,0,0,0,0,0,0,0,0"
1766018555.7931054,RX,"0,0,0,0,0,0,0,0,0,0,0,0,8,-8,8,-8,8,-8,8,-8,8,-8,7,-8,7,-8,6,-8,6,-8,6,-8,6,-7,6,-8,6,-8,5,-8,5,-8,5,-9,5,-9,4,-8,4,-9,4,-9,4,-8,4,-9,4,-8,4,-9,4,-9,4,-9,0,0,4,-9,4,-9,4,-9,4,-10,4,-9,5,-9,5,-9,4,-9,5,-8,5,-8,5,-8,5,-8,5,-7,5,-7,5,-7,5,-7,6,-6,5,-6,5,-6,5,-5,5,-5,5,-5,5,-4,5,-4,5,-3,5,-3,0,0,0,0,0,0,0,0,0,0"
1766018555.808216,RX,"0,0,0,0,0,0,0,0,0,0,0,0,7,8,6,9,7,8,6,8,6,8,6,8,6,7,7,7,6,7,7,6,6,7,7,7,7,6,7,6,6,5,7,6,7,5,7,5,7,5,7,5,7,5,7,5,7,4,8,5,7,5,8,5,0,0,8,5,8,5,8,5,8,5,7,5,8,5,7,5,7,5,7,6,7,6,6,6,6,6,6,6,6,6,5,6,5,6,4,6,4,6,4,6,4,6,4,6,3,6,3,6,2,6,1,5,1,5,0,0,0,0,0,0,0,0,0,0"
1766018555.8261056,RX,"0,0,0,0,0,0,0,0,0,0,0,0,-12,3,-11,3,-12,4,-11,3,-11,4,-10,4,-10,4,-10,4,-9,4,-10,5,-10,4,-10,4,-9,4,-9,4,-8,4,-9,5,-8,5,-8,5,-8,6,-8,6,-7,5,-8,6,-7,6,-8,6,-8,6,-8,6,0,0,-8,6,-8,6,-8,6,-9,6,-8,5,-9,5,-8,5,-8,5,-8,5,-8,5,-9,5,-8,4,-8,4,-8,4,-8,3,-8,3,-9,3,-8,3,-8,2,-8,2,-7,2,-7,1,-8,1,-7,1,-7,0,-6,0,0,0,0,0,0,0,0,0,0,0"
1766018555.8461356,RX,"0,0,0,0,0,0,0,0,0,0,0,0,-4,-11,-5,-12,-5,-11,-5,-11,-5,-10,-5,-10,-5,-10,-6,-10,-5,-9,-6,-9,-5,-10,-6,-10,-6,-9,-6,-9,-6,-8,-6,-9,-7,-9,-6,-7,-7,-8,-7,-8,-7,-7,-7,-7,-7,-7,-8,-7,-7,-8,-8,-8,0,0,-8,-8,-7,-8,-7,-8,-8,-8,-7,-8,-7,-8,-7,-8,-7,-8,-7,-8,-7,-8,-6,-9,-6,-8,-5,-8,-5,-8,-5,-8,-5,-8,-5,-8,-4,-8,-4,-8,-4,-7,-4,-7,-3,-7,-3,-7,-2,-7,-2,-7,-2,-7,0,0,0,0,0,0,0,0,0,0"
1766018555.8654613,RX,"0,0,0,0,0,0,0,0,0,0,0,0,10,-3,10,-3,11,-3,10,-3,10,-3,10,-3,9,-4,9,-4,8,-4,9,-4,9,-3,9,-4,8,-4,8,-4,8,-4,8,-4,8,-5,7,-5,8,-5,7,-5,7,-5,7,-6,7,-5,8,-6,8,-5,8,-6,0,0,8,-6,8,-6,8,-6,8,-6,8,-6,8,-5,8,-5,8,-5,8,-5,8,-5,9,-4,8,-4,8,-4,8,-4,7,-3,8,-3,7,-3,7,-2,7,-2,7,-2,7,-2,6,-2,6,-1,7,-1,6,0,6,0,0,0,0,0,0,0,0,0,0,0"
1766018555.880094,RX,"0,0,0,0,0,0,0,0,0,0,0,0,0,11,0,11,0,11,0,11,0,10,0,10,0,10,1,10,0,9,1,9,1,9,1,10,2,9,1,9,2,8,2,9,3,9,2,8,3,9,3,8,3,8,3,8,3,8,4,8,3,8,4,9,0,0,4,9,3,8,3,9,4,9,3,9,3,8,3,9,3,8,3,9,3,8,2,9,2,8,2,8,2,8,1,8,1,8,1,7,1,8,0,7,0,7,0,7,-1,6,0,6,-1,6,-1,6,-1,6,0,0,0,0,0,0,0,0,0,0"
1766018555.9036386,RX,"0,0,0,0,0,0,0,0,0,0,0,0,-12,0,-12,0,-12,1,-12,0,-11,1,-11,0,-11,0,-11,1,-10,1,-10,2,-10,1,-10,2,-10,2,-10,2,-9,2,-10,2,-9,3,-9,3,-9,3,-10,3,-9,3,-9,3,-9,3,-9,4,-9,4,-10,4,0,0,-10,4,-10,4,-10,4,-10,4,-9,3,-10,3,-10,3,-9,3,-10,2,-10,2,-10,2,-9,2,-9,2,-9,1,-9,1,-9,1,-9,1,-9,0,-8,0,-8,0,-8,-1,-8,-1,-7,-1,-7,-1,-7,-1,-6,-2,0,0,0,0,0,0,0,0,0,0"
1766018555.9263175,RX,"0,0,0,0,0,0,0,0,0,0,0,0,0,-12,0,-12,0,-12,0,-11,0,-11,0,-11,0,-11,-1,-10,0,-10,-1,-10,-1,-10,-2,-11,-2,-10,-2,-10,-2,-9,-2,-10,-2,-10,-3,-9,-3,-9,-2,-9,-2,-9,-3,-9,-3,-9,-4,-9,-3,-9,-3,-10,0,0,-3,-10,-3,-10,-3,-10,-3,-10,-3,-9,-2,-10,-2,-10,-2,-9,-2,-10,-2,-9,-2,-10,-2,-9,-2,-9,-1,-9,-1,-9,-1,-9,0,-8,0,-8,0,-8,0,-7,1,-7,1,-7,1,-7,1,-7,1,-6,1,-6,0,0,0,0,0,0,0,0,0,0"
1766018555.9437547,RX,"0,0,0,0,0,0,0,0,0,0,0,0,10,2,11,1,11,1,10,1,10,1,10,1,10,0,10,0,9,0,10,0,10,0,10,0,9,-1,9,-1,9,-1,10,-1,9,-2,9,-2,9,-3,9,-2,8,-2,9,-2,8,-3,9,-3,9,-3,9,-3,0,0,9,-3,9,-2,9,-3,10,-3,9,-2,10,-2,9,-2,9,-2,9,-2,9,-2,9,-1,8,-1,8,-1,8,-1,8,0,8,0,8,0,8,0,8,0,7,0,7,1,6,1,6,1,6,1,6,2,5,2,0,0,0,0,0,0,0,0,0,0"
1766018555.9600415,RX,"0,0,0,0,0,0,0,0,0,0,0,0,-8,8,-8,8,-8,8,-8,7,-8,7,-7,7,-7,7,-6,8,-6,7,-6,8,-6,7,-6,8,-6,8,-6,7,-5,7,-6,8,-5,8,-4,8,-4,8,-4,8,-4,7,-4,8,-4,8,-4,8,-5,8,-4,8,0,0,-4,8,-5,9,-5,8,-4,9,-5,8,-5,8,-5,8,-5,8,-5,8,-5,8,-6,8,-5,7,-5,7,-6,6,-6,6,-5,6,-6,6,-6,5,-6,5,-5,5,-6,5,-6,4,-6,4,-6,3,-6,3,-6,3,0,0,0,0,0,0,0,0,0,0"
1766018555.9812515,RX,"0,0,0,0,0,0,0,0,0,0,0,0,-10,-7,-10,-7,-10,-7,-9,-7,-10,-6,-9,-6,-9,-6,-10,-5,-9,-6,-9,-5,-9,-5,-10,-5,-9,-5,-9,-5,-9,-4,-10,-5,-10,-4,-9,-3,-10,-3,-9,-3,-9,-3,-10,-3,-9,-3,-10,-3,-10,-3,-10,-3,0,0,-10,-4,-10,-3,-10,-3,-10,-4,-9,-3,-10,-4,-10,-4,-9,-4,-9,-4,-9,-4,-9,-5,-8,-5,-8,-5,-8,-5,-8,-5,-7,-5,-7,-5,-7,-5,-7,-5,-6,-5,-6,-5,-5,-5,-5,-6,-5,-6,-4,-6,-4,-6,0,0,0,0,0,0,0,0,0,0"
1766018555.9955525,RX,"0,0,0,0,0,0,0,0,0,0,0,0,2,11,2,10,3,11,2,10,3,10,2,10,3,10,3,9,3,9,4,9,3,9,3,9,4,8,3,8,4,7,4,9,4,8,4,8,5,7,5,7,5,7,5,7,5,7,5,7,5,8,5,8,0,0,5,8,5,8,5,8,5,8,4,7,5,8,5,8,5,8,4,8,4,8,4,8,3,7,3,7,3,8,2,8,2,8,2,8,2,7,2,7,1,7,1,7,1,6,0,6,0,6,-1,6,-1,6,0,0,0,0,0,0,0,0,0,0"
1766018556.0100899,RX,"0,0,0,0,0,0,0,0,0,0,0,0,7,8,7,8,8,8,7,8,7,7,7,7,7,7,7,6,7,6,7,6,7,6,8,6,7,5,7,5,7,5,7,5,8,4,7,4,8,4,8,4,7,4,8,4,8,3,9,3,8,4,9,4,0,0,9,4,8,4,9,4,9,4,8,4,8,4,8,4,8,4,8,4,7,4,7,5,7,4,7,4,7,5,6,5,6,5,6,5,6,5,5,5,5,5,5,5,4,5,4,5,3,5,3,5,2,5,0,0,0,0,0,0,0,0,0,0"
1766018556.1331291,RX,"0,0,0,0,0,0,CSI_DATA,122,1a:00:00:00:00:01,-29,11,1,0,1,128,""[0,0,0,0,0,0,CSI_DATA,122,1a:00:00:00:00:01,-29,11,1,0,1,128,""[0,0,0,0,0,0,CSI_DATA,122,1a:00:00:00:00:01,-29,11,1,0,1,128,""[0,0,0,0,0,0,CSI_DATA,122,1a:00:00:00:00:01,-29,11,1,0,1,128,""[0,0,0,0,0,0,CSI_DATA,122,1a:00:00:00:00:01,-29,11,1,0,1,128,""[0,0,0,0,0,0,CSI_DATA,122,1a:00:00:00:00:01,-29,11,1,0,1,128,""[0,0,0,0,0,0,CSI_DATA,122,1a:00:00:00:00:01,-29,11,1,0,1,128,""[0,0,0,0,0,0,CSI_DATA,122,1a:00:00:00:00:01,-29,11,1,0,1,128,""[0,0,0,0,0,0,CSI_DATA,122,1a:00:00:00:00:01,-29,11,1,0,1,128,""[0,0,0,0,0,0,CSI_DATA,122,1a:00:00:00:00:01,-29,11,1,0,1,128,""[0,0,0,0,0,0,CSI_DATA,122,1a:00:00:00:00:01,-29,11,1,0,1,128,""[0,0,0,0,0,0,CSI_DATA,122,1a:00:00:00:00:01,-29,11,1,0,1,128,""[0,0,0,0,0,0,CSI_DATA,122,1a:00:00:00:00:01,-29,11,1,0,1,128,""[0,0,0,0,0,0,CSI_DATA,122,1a:00:00:00:00:01,-29,11,1,0,1,128,""[0,0,0,0,0,0,CSI_DATA,122,1a:00:00:00:00:01,-29,11,1,0,1,128,""[0,0,0,0,0,0,CSI_DATA,122,1a:00:00:00:00:01,-29,11,1,0,1,128,""[0,0,0,0,0,0,CSI_DATA,122,1a:00:00:00:00:01,-29,11,1,0,1,128,""[0,0,0,0,0,0,CSI_DATA,122,1a:00:00:00:00:01,-29,11,1,0,1,128,""[0,0,0,0,0,0,CSI_DATA,122,1a:00:00:00:00:01,-29,11,1,0,1,128,""[0,0,0,0,0,0,CSI_DATA,122,1a:00:00:00:00:01,-29,11,1,0,1,128,""[0,0,0,0,0,0,CSI_DATA,122,1a:00:00:00:00:01,-29,11,1,0,1,128,""[0,0,0,0,0,0,CSI_DATA,122,1a:00:00:00:00:01,-29,11,1,0,1,128,""[0,0,0,0,0,0,0,0,0,0,0,0,-9,-8,-9,-8,-9,-8,-8,-8,-8,-8,-8,-7,-8,-7,-8,-7,-8,-7,-9,-6,-8,-7,-9,-7,-8,-6,-8,-6,-8,-6,-9,-6,-9,-5,-8,-5,-9,-5,-9,-5,-8,-4,-9,-5,-9,-4,-9,-4,-9,-5,-9,-5,0,0,-9,-5,-9,-5,-9,-5,-9,-5,-9,-5,-9,-5,-9,-5,-9,-5,-8,-6,-8,-6,-8,-6,-8,-5,-7,-6,-7,-6,-7,-6,-6,-6,-6,-6,-6,-6,-6,-6,-5,-6,-5,-6,-4,-6,-4,-6,-4,-6,-3,-6,-3,-6,0,0,0,0,0,0,0,0,0,0"
1766018556.1513786,RX,"0,0,0,0,0,0,0,0,0,0,0,0,7,-9,7,-9,7,-10,8,-9,7,-9,7,-9,6,-9,6,-8,6,-8,5,-9,6,-9,6,-9,5,-9,5,-8,5,-9,5,-9,4,-9,4,-9,4,-10,4,-9,4,-9,3,-9,3,-9,3,-10,4,-10,3,-10,0,0,4,-10,4,-10,4,-10,4,-10,4,-10,4,-10,4,-10,4,-9,4,-9,4,-9,5,-9,4,-8,5,-8,5,-8,5,-7,5,-7,5,-7,5,-7,5,-7,5,-6,5,-6,5,-6,5,-5,5,-5,5,-4,5,-4,0,0,0,0,0,0,0,0,0,0"
1766018556.1660953,RX,"0,0,0,0,0,0,0,0,0,0,0,0,7,9,6,8,7,9,6,8,6,8,6,8,6,7,7,7,6,7,7,7,6,7,7,7,7,6,7,6,6,6,7,6,7,5,7,5,8,5,8,5,7,5,8,5,7,4,8,5,8,5,8,5,0,0,8,5,8,5,8,5,8,6,8,5,7,5,7,5,7,5,7,6,7,6,7,6,6,6,6,6,6,6,5,6,5,6,5,6,5,6,4,6,4,6,4,6,3,6,3,6,2,6,2,6,1,6,0,0,0,0,0,0,0,0,0,0"
1766018556.1817372,RX,"0,0,0,0,0,0,0,0,0,0,0,0,-11,3,-11,3,-11,4,-11,3,-10,4,-11,4,-10,4,-10,4,-10,4,-10,4,-10,4,-10,4,-9,5,-9,5,-9,4,-9,5,-9,5,-8,5,-8,6,-8,5,-7,5,-8,6,-7,6,-8,6,-8,6,-8,6,0,0,-8,6,-8,6,-9,6,-8,6,-8,6,-9,5,-9,6,-8,5,-8,5,-8,5,-9,5,-8,4,-8,4,-9,4,-8,3,-8,3,-8,3,-8,3,-8,3,-8,2,-8,2,-7,1,-8,1,-7,1,-7,0,-7,0,0,0,0,0,0,0,0,0,0,0"
1766018556.2027156,RX,"0,0,0,0,0,0,0,0,0,0,0,0,-10,-7,-10,-7,-11,-6,-10,-6,-10,-6,-10,-6,-10,-5,-10,-5,-9,-5,-10,-4,-10,-5,-10,-5,-10,-4,-10,-4,-10,-4,-10,-4,-10,-3,-9,-3,-10,-2,-10,-2,-9,-2,-10,-2,-9,-2,-11,-2,-10,-2,-10,-2,0,0,-11,-2,-10,-2,-11,-2,-11,-2,-10,-2,-10,-3,-10,-3,-10,-3,-10,-3,-10,-3,-10,-3,-9,-3,-9,-3,-9,-4,-8,-4,-8,-4,-8,-4,-8,-4,-8,-4,-7,-4,-7,-4,-6,-4,-6,-4,-6,-5,-5,-5,-5,-5,0,0,0,0,0,0,0,0,0,0"
1766018556.2187378,RX,"0,0,0,0,0,0,0,0,0,0,0,0,11,-1,11,-1,11,-1,11,-1,10,-1,10,-1,10,-2,9,-2,9,-2,9,-3,9,-2,10,-2,9,-3,9,-3,8,-3,9,-3,9,-4,8,-4,9,-4,8,-4,8,-4,8,-4,8,-4,9,-5,9,-4,9,-5,0,0,8,-5,8,-4,9,-5,9,-4,9,-4,9,-4,9,-4,8,-4,8,-4,8,-3,9,-3,8,-3,8,-3,8,-2,8,-2,8,-2,7,-1,7,-1,7,-1,7,-1,6,-1,6,0,6,0,6,0,6,0,5,1,0,0,0,0,0,0,0,0,0,0"
1766018556.2375586,RX,"0,0,0,0,0,0,0,0,0,0,0,0,-11,4,-11,4,-12,5,-11,3,-11,4,-10,4,-10,4,-10,4,-9,4,-9,5,-10,4,-10,5,-9,5,-9,5,-9,5,-9,5,-8,6,-8,5,-8,6,-8,6,-8,5,-8,6,-7,6,-8,6,-8,6,-8,6,0,0,-8,6,-9,6,-8,6,-8,6,-9,6,-9,6,-9,6,-8,5,-9,5,-9,5,-9,5,-9,4,-9,4,-9,4,-8,3,-8,3,-9,3,-8,3,-8,2,-8,2,-8,1,-8,1,-8,1,-7,0,-7,0,-7,0,0,0,0,0,0,0,0,0,0,0"
1766018556.2594042,RX,"0,0,0,0,0,0,0,0,0,0,0,0,-9,-8,-10,-8,-9,-7,-9,-8,-9,-7,-9,-7,-9,-7,-9,-6,-8,-6,-9,-5,-9,-6,-10,-6,-9,-5,-9,-5,-9,-5,-9,-5,-10,-5,-9,-4,-10,-4,-9,-4,-9,-4,-9,-4,-9,-3,-10,-3,-10,-4,-10,-4,0,0,-10,-3,-9,-4,-10,-4,-10,-4,-10,-4,-10,-4,-10,-4,-9,-4,-10,-5,-9,-4,-9,-5,-9,-4,-9,-5,-9,-5,-7,-5,-8,-6,-7,-5,-7,-6,-7,-6,-6,-5,-6,-5,-5,-6,-5,-5,-5,-6,-4,-6,-4,-6,0,0,0,0,0,0,0,0,0,0"
1766018556.2787392,RX,"0,0,0,0,0,0,0,0,0,0,0,0,5,-11,5,-11,4,-11,5,-11,4,-10,3,-10,4,-11,3,-10,4,-10,3,-10,3,-10,2,-11,2,-10,2,-10,2,-10,2,-10,1,-10,1,-9,1,-10,1,-10,1,-10,1,-10,0,-10,0,-10,0,-10,0,-11,0,0,0,-11,1,-10,1,-11,1,-11,1,-10,1,-11,1,-10,1,-10,1,-10,1,-10,2,-10,2,-9,2,-9,2,-9,2,-8,3,-8,3,-8,3,-8,3,-8,3,-7,3,-7,3,-6,3,-6,4,-6,3,-6,3,-5,0,0,0,0,0,0,0,0,0,0"
1766018556.2840803,RX,"0,0,0,0,0,0,,-5,-4,-5,-4,-4,-4,0,0,0,0,0,0,0,0,0,0"
1766018556.4506264,RX,"0,0,0,0,0,0,0,0,0,0,0,0,8,6,9,6,0:00:00:01,-29,11,1,0,1,128,""[0,0,0,0,0,0,0,0,0,0,0,0,8,6,9,6,0:00:00:01,-29,11,1,0,1,128,""[0,0,0,0,0,0,0,0,0,0,0,0,8,6,9,6,0:00:00:01,-29,11,1,0,1,128,""[0,0,0,0,0,0,0,0,0,0,0,0,8,6,9,6,0:00:00:01,-29,11,1,0,1,128,""[0,0,0,0,0,0,0,0,0,0,0,0,8,6,9,6,0:00:00:01,-29,11,1,0,1,128,""[0,0,0,0,0,0,0,0,0,0,0,0,8,6,9,6,0:00:00:01,-29,11,1,0,1,128,""[0,0,0,0,0,0,0,0,0,0,0,0,8,6,9,6,0:00:00:01,-29,11,1,0,1,128,""[0,0,0,0,0,0,0,0,0,0,0,0,8,6,9,6,0:00:00:01,-29,11,1,0,1,128,""[0,0,0,0,0,0,0,0,0,0,0,0,8,6,9,6,0:00:00:01,-29,11,1,0,1,128,""[0,0,0,0,0,0,0,0,0,0,0,0,8,6,9,6,0:00:00:01,-29,11,1,0,1,128,""[0,0,0,0,0,0,0,0,0,0,0,0,8,6,9,6,0:00:00:01,-29,11,1,0,1,128,""[0,0,0,0,0,0,0,0,0,0,0,0,8,6,9,6,0:00:00:01,-29,11,1,0,1,128,""[0,0,0,0,0,0,0,0,0,0,0,0,8,6,9,6,0:00:00:01,-29,11,1,0,1,128,""[0,0,0,0,0,0,0,0,0,0,0,0,8,6,9,6,0:00:00:01,-29,11,1,0,1,128,""[0,0,0,0,0,0,0,0,0,0,0,0,8,6,9,6,0:00:00:01,-29,11,1,0,1,128,""[0,0,0,0,0,0,0,0,0,0,0,0,8,6,9,6,0:00:00:01,-29,11,1,0,1,128,""[0,0,0,0,0,0,0,0,0,0,0,0,8,6,9,6,0:00:00:01,-29,11,1,0,1,128,""[0,0,0,0,0,0,0,0,0,0,0,0,8,6,9,6,0:00:00:01,-29,11,1,0,1,128,""[0,0,0,0,0,0,0,0,0,0,0,0,8,6,9,6,0:00:00:01,-29,11,1,0,1,128,""[0,0,0,0,0,0,0,0,0,0,0,0,8,6,9,6,0:00:00:01,-29,11,1,0,1,128,""[0,0,0,0,0,0,0,0,0,0,0,0,8,6,9,6,0:00:00:01,-29,11,1,0,1,128,""[0,0,0,0,0,0,0,0,0,0,0,0,8,6,9,6,0:00:00:01,-29,11,1,0,1,128,""[0,0,0,0,0,0,0,0,0,0,0,0,8,6,9,6,9,6,8,6,8,6,8,5,8,5,8,5,8,5,8,4,8,5,9,5,8,4,8,4,8,3,9,4,8,3,8,9,6,8,6,8,6,8,5,8,5,8,5,8,5,8,4,8,5,9,5,8,4,8,4,8,3,9,4,8,3,8,9,6,8,6,8,6,8,5,8,5,8,5,8,5,8,4,8,5,9,5,8,4,8,4,8,3,9,4,8,3,8,9,6,8,6,8,6,8,5,8,5,8,5,8,5,8,4,8,5,9,5,8,4,8,4,8,3,9,4,8,3,8,9,6,8,6,8,6,8,5,8,5,8,5,8,5,8,4,8,5,9,5,8,4,8,4,8,3,9,4,8,3,8,9,6,8,6,8,6,8,5,8,5,8,5,8,5,8,4,8,5,9,5,8,4,8,4,8,3,9,4,8,3,8,9,6,8,6,8,6,8,5,8,5,8,5,8,5,8,4,8,5,9,5,8,4,8,4,8,3,9,4,8,3,8,9,6,8,6,8,6,8,5,8,5,8,5,8,5,8,4,8,5,9,5,8,4,8,4,8,3,9,4,8,3,8,9,6,8,6,8,6,8,5,8,5,8,5,8,5,8,4,8,5,9,5,8,4,8,4,8,3,9,4,8,3,8,9,6,8,6,8,6,8,5,8,5,8,5,8,5,8,4,8,5,9,5,8,4,8,4,8,3,9,4,8,3,8,9,6,8,6,8,6,8,5,8,5,8,5,8,5,8,4,8,5,9,5,8,4,8,4,8,3,9,4,8,3,8,9,6,8,6,8,6,8,5,8,5,8,5,8,5,8,4,8,5,9,5,8,4,8,4,8,3,9,4,8,3,8,9,6,8,6,8,6,8,5,8,5,8,5,8,5,8,4,8,5,9,5,8,4,8,4,8,3,9,4,8,3,8,9,6,8,6,8,6,8,5,8,5,8,5,8,5,8,4,8,5,9,5,8,4,8,4,8,3,9,4,8,3,8,9,6,8,6,8,6,8,5,8,5,8,5,8,5,8,4,8,5,9,5,8,4,8,4,8,3,9,4,8,3,8,9,6,8,6,8,6,8,5,8,5,8,5,8,5,8,4,8,5,9,5,8,4,8,4,8,3,9,4,8,3,8,9,6,8,6,8,6,8,5,8,5,8,5,8,5,8,4,8,5,9,5,8,4,8,4,8,3,9,4,8,3,8,9,6,8,6,8,6,8,5,8,5,8,5,8,5,8,4,8,5,9,5,8,4,8,4,8,3,9,4,8,3,8,9,6,8,6,8,6,8,5,8,5,8,5,8,5,8,4,8,5,9,5,8,4,8,4,8,3,9,4,8,3,8,9,6,8,6,8,6,8,5,8,5,8,5,8,5,8,4,8,5,9,5,8,4,8,4,8,3,9,4,8,3,8,9,6,8,6,8,6,8,5,8,5,8,5,8,5,8,4,8,5,9,5,8,4,8,4,8,3,9,4,8,3,8,9,6,8,6,8,6,8,5,8,5,8,5,8,5,8,4,8,5,9,5,8,4,8,4,8,3,9,4,8,3,8,9,6,8,6,8,6,8,5,8,5,8,5,8,5,8,4,8,5,9,5,8,4,8,4,8,3,9,4,8,3,8,3,9,2,8,2,8,2,8,2,8,2,9,2,9,2,9,2,0,0,9,2,9,2,9,2,10,2,9,2,9,3,9,3,9,2,8,3,8,3,8,4,8,3,8,3,7,3,7,4,7,4,7,4,6,4,6,4,6,4,5,4,5,4,4,4,4,4,4,4,3,4,0,0,0,0,0,0,0,0,0,0"
1766018556.4682415,RX,"0,0,0,0,0,0,0,0,0,0,0,0,-11,4,-10,4,-11,5,-11,4,-10,4,-10,4,-9,5,-9,5,-9,4,-9,5,-9,4,-9,5,-8,5,-8,5,-8,5,-8,5,-8,6,-7,5,-7,6,-7,6,-7,5,-7,6,-6,6,-7,6,-7,6,-7,6,0,0,-8,6,-8,6,-8,6,-8,6,-8,6,-8,6,-8,6,-8,6,-8,5,-7,5,-8,5,-8,4,-8,4,-8,4,-8,3,-8,3,-8,3,-8,3,-7,2,-7,2,-7,2,-7,1,-7,1,-7,1,-6,1,-7,0,0,0,0,0,0,0,0,0,0,0"
1766018556.4890296,RX,"0,0,0,0,0,0,0,0,0,0,0,0,-9,7,-9,7,-9,8,-9,7,-9,7,-8,7,-8,7,-7,7,-7,7,-7,7,-7,7,-7,7,-7,7,-6,7,-6,7,-6,7,-6,8,-5,7,-5,8,-5,8,-5,7,-5,8,-5,7,-5,9,-5,8,-5,8,0,0,-5,9,-5,8,-5,8,-5,8,-5,8,-6,8,-6,8,-5,8,-6,7,-5,7,-6,7,-6,6,-6,6,-6,6,-6,6,-6,6,-6,5,-6,5,-6,5,-6,5,-6,4,-6,4,-6,3,-6,3,-6,3,-6,2,0,0,0,0,0,0,0,0,0,0"
1766018556.5178063,RX,"0,0,0,0,0,0,0,0,0,0,0,0,-10,-7,-10,-7,-10,-7,-10,-7,-9,-6,-10,-6,-10,-6,-10,-5,-9,-5,-10,-5,-9,-5,-10,-5,-10,-4,-9,-4,-9,-4,-10,-4,-10,-4,-9,-3,-10,-3,-10,-3,-9,-3,-10,-3,-9,-2,-10,-2,-10,-3,-10,-3,0,0,-10,-3,-10,-3,-10,-3,-10,-3,-10,                                                        0     0,-2,0,0,-10,-1,-10,-2,-10,-1,-11,-2,-10,-2,-10,-2,-10,-2,-10,-2,-10,-2,-10,-3,-10,-3,-9,-2,-9,-3,-9,-3,-8,-4,-8,-4,-8,-4,-8,-4,-8,-4,-7,-4,-7,-4,-6,-4,-6,-4,-6,-4,-5,-5,-5,-5,0,0,0,0,0,0,0,0,0,0"
1766018556.5335774,RX,"0,0,0,0,0,0,0,0,0,0,0,0,8,6,8,6,9,6,8,6,8,6,8,5,9,5,8,5,8,5,8,4,8,5,8,5,8,4,8,4,8,3,8,4,9,3,8,3,9,2,8,2,8,2,8,2,8,2,9,2,9,3,9,2,0,0,9,3,9,2,9,3,9,3,9,2,9,3,8,3,8,3,8,3,8,3,8,4,7,3,7,4,7,4,7,4,6,4,6,4,6,4,6,4,5,4,5,4,4,4,4,4,4,4,3,5,3,5,0,0,0,0,0,0,0,0,0,0"
1766018556.5516322,RX,"0,0,0,0,0,0,0,0,0,0,0,0,10,3,10,3,11,2,10,3,10,2,9,2,9,2,9,2,9,2,9,1,9,2,9,1,9,1,9,1,9,1,9,1,9,0,8,0,9,0,9,0,8,0,9,-1,8,-1,9,-1,9,-1,9,-1,0,0,9,-1,9,0,9,0,9,0,9,0,9,0,9,0,9,0,8,0,8,1,8,1,8,1,8,1,8,1,7,2,7,2,7,2,6,2,6,2,6,2,5,2,5,2,5,3,5,3,4,3,4,3,0,0,0,0,0,0,0,0,0,0"
1766018556.5715048,RX,"0,0,0,0,0,0,0,0,0,0,0,0,-6,9,-6,10,-6,10,-6,9,-5,9,-5,9,-4,9,-4,9,-4,9,-4,9,-4,9,-4,9,-4,9,-4,9,-3,9,-3,9,-2,9,-2,9,-2,9,-2,9,-2,8,-2,9,-1,8,-2,9,-2,9,-2,9,0,0,-2,9,-2,9,-2,9,-2,10,-2,9,-2,9,-2,9,-2,9,-3,9,-3,9,-4,9,-3,8,-3,8,-4,8,-4,8,-4,7,-4,7,-4,7,-4,7,-4,6,-4,6,-4,5,-4,5,-5,5,-5,4,-5,4,0,0,0,0,0,0,0,0,0,0"
1766018556.586449,RX,"0,0,0,0,0,0,0,0,0,0,0,0,4,10,4,10,4,10,4,10,4,9,4,9,4,9,5,8,4,8,5,8,5,8,5,8,5,8,5,7,5,7,5,8,6,7,5,6,6,6,6,6,5,6,6,6,6,6,7,6,6,7,7,7,0,0,7,7,6,7,7,7,7,7,6,7,6,7,6,7,6,7,5,7,5,7,5,7,5,7,4,7,4,7,4,7,4,7,3,6,3,7,3,6,2,6,2,6,2,6,1,6,1,6,1,6,0,6,0,0,0,0,0,0,0,0,0,0"
1766018556.6073446,RX,"0,0,0,0,0,0,0,0,0,0,0,0,3,-11,3,-11,3,-11,3,-11,2,-11,2,-10,2,-10,1,-10,1,-10,1,-10,1,-10,1,-10,1,-10,1,-10,0,-9,0,-10,0,-10,0,-9,-1,-9,-1,-9,-1,-9,-1,-9,-1,-9,-1,-10,-1,-10,-1,-10,0,0,-1,-10,-1,-10,-1,-10,-1,-10,-1,-9,-1,-10,-1,-10,-1,-9,0,-10,0,-9,0,-9,0,-9,0,-9,1,-8,1,-8,1,-8,1,-8,1,-8,1,-7,1,-7,1,-7,2,-6,2,-6,2,-6,2,-6,2,-5,0,0,0,0,0,0,0,0,0,0"
1766018556.6234062,RX,"0,0,0,0,0,0,0,0,0,0,0,0,10,3,10,3,10,2,10,3,10,2,9,2,9,2,9,1,9,1,9,1,9,1,9,1,9,1,9,1,9,0,9,0,9,0,8,-1,9,-1,8,-1,8,-1,9,-1,8,-1,9,-1,9,-1,9,-1,0,0,9,-1,9,-1,9,-1,9,-1,9,-1,9,0,9,0,8,0,8,0,8,0,8,1,8,1,8,1,8,1,7,1,7,1,7,1,7,1,6,2,6,2,6,2,5,2,5,2,5,2,4,3,4,3,0,0,0,0,0,0,0,0,0,0"
1766018556.6423934,RX,"0,0,0,0,0,0,0,0,0,0,0,0,-3,11,-4,11,-3,11,-4,10,-3,10,-3,10,-2,10,-2,9,-2,10,-2,9,-2,9,-2,10,-2,9,-2,9,-1,9,-1,9,0,9,0,9,0,9,0,9,0,8,0,9,0,8,0,9,0,9,0,10,0,0,1,10,0,9,0,10,1,10,0,9,0,9,0,9,0,9,-1,9,-1,9,-1,9,-1,8,-1,8,-1,9,-2,8,-2,8,-2,7,-2,8,-2,7,-2,7,-3,7,-3,6,-3,6,-3,6,-3,5,-4,5,0,0,0,0,0,0,0,0,0,0"
1766018556.6623769,RX,"0,0,0,0,0,0,0,0,0,0,0,0,-12,-2,-12,-2,-12,-1,-12,-2,-11,-1,-11,-1,-11,-1,-11,0,-11,-1,-10,0,-11,0,-11,0,-11,0,-10,1,-10,1,-10,1,-10,1,-9,1,-10,2,-10,2,-9,2,-10,2,-9,2,-10,3,-10,2,-10,3,0,0,-10,3,-10,3,-10,3,-10,2,-10,2,-10,2,-10,2,-10,2,-10,2,-10,2,-10,1,-9,1,-9,1,-10,1,-9,0,-9,0,-9,0,-9,0,-8,0,-8,0,-8,-1,-8,-1,-7,-1,-8,-2,-7,-2,-6,-2,0,0,0,0,0,0,0,0,0,0"
1766018556.6803792,RX,"0,0,0,0,0,0,0,0,0,0,0,0,5,-10,5,-10,5,-11,5,-10,4,-10,4,-9,3,-10,3,-10,3,-10,3,-10,3,-9,3,-10,3,-10,3,-9,2,-9,2,-10,1,-10,1,-9,1,-10,1,-10,1,-9,1,-9,0,-9,0,-10,1,-10,1,-10,0,0,0,-10,1,-10,1,-10,1,-11,1,-10,1,-10,1,-10,1,-10,1,-9,2,-9,2,-10,2,-9,2,-9,2,-9,3,-8,3,-8,3,-8,3,-8,3,-7,3,-7,3,-7,3,-6,3,-6,3,-6,3,-5,4,-5,0,0,0,0,0,0,0,0,0,0"
1766018556.698067,RX,"0,0,0,0,0,0,0,0,0,0,0,0,-9,7,-9,7,-9,7,-9,7,-8,7,-8,7,-8,7,-7,7,-7,7,-7,7,-7,7,-7,7,-6,7,-6,7,-6,7,-6,7,-6,8,-5,7,-5,8,-5,8,-5,7,-5,8,-4,7,-5,8,-5,8,-5,8,0,0,-5,8,-5,8,-5,8,-5,8,-5,8,-6,8,-6,8,-6,7,-6,7,-6,7,-6,7,-6,6,-6,6,-6,6,-6,5,-6,5,-6,5,-7,5,-6,5,-6,4,-6,4,-6,3,-6,3,-6,3,-6,2,-6,2,0,0,0,0,0,0,0,0,0,0"
1766018556.7155888,RX,"0,0,0,0,0,0,0,0,0,0,0,0,-3,10,-3,11,-2,11,-3,10,-2,10,-2,10,-2,10,-1,9,-2,9,-1,9,-2,9,-1,9,-1,9,-1,9,-1,8,-1,9,0,9,0,8,0,9,0,8,0,8,0,8,1,8,1,9,1,9,1,9,0,0,1,9,0,9,0,9,0,9,0,9,0,9,0,9,0,9,-1,9,0,8,-1,9,-1,8,-1,8,-1,8,-2,7,-2,7,-2,7,-2,7,-2,6,-2,6,-3,6,-3,5,-3,5,-3,5,-3,5,-3,4,0,0,0,0,0,0,0,0,0,0"
1766018556.73442,RX,"0,0,0,0,0,0,0,0,0,0,0,0,-12,-1,-12,-1,-12,-1,-12,-1,-11,-1,-11,-1,-11,-1,-11,0,-10,-1,-10,0,-11,0,-11,0,-10,1,-10,1,-10,1,-10,1,-10,1,-9,2,-10,2,-10,2,-9,2,-10,2,-9,2,-10,3,-10,2,-10,2,0,0,-10,3,-10,2,-10,2,-10,2,-10,2,-10,2,-10,1,-10,2,-10,1,-10,1,-10,1,-9,1,-9,1,-9,0,-9,0,-9,0,-9,-1,-9,-1,-8,-1,-8,-1,-8,-1,-7,-2,-7,-2,-7,-2,-7,-2,-6,-2,0,0,0,0,0,0,0,0,0,0"
1766018556.753966,RX,"0,0,0,0,0,0,0,0,0,0,0,0,-2,-12,-2,-12,-2,-12,-1,-12,-2,-11,-2,-11,-2,-11,-2,-11,-2,-10,-3,-10,-3,-10,-4,-11,-3,-10,-3,-10,-3,-9,-3,-10,-4,-10,-4,-9,-5,-9,-4,-9,-4,-9,-4,-9,-5,-8,-6,-9,-5,-9,-6,-9,0,0,-5,-9,-5,-9,-5,-10,-5,-10,-5,-9,-5,-9,-4,-10,-5,-9,-4,-10,-4,-9,-4,-10,-4,-9,-4,-9,-3,-9,-2,-9,-2,-9,-2,-8,-2,-8,-2,-8,-2,-8,-1,-8,-1,-7,-1,-7,-1,-7,0,-7,0,-7,0,0,0,0,0,0,0,0,0,0"
1766018556.7716668,RX,"0,0,0,0,0,0,0,0,0,0,0,0,10,-3,10,-3,11,-4,10,-3,10,-3,9,-3,9,-4,9,-4,9,-4,9,-4,9,-4,9,-4,9,-4,8,-4,8,-4,9,-5,8,-5,8,-5,7,-5,8,-6,7,-5,7,-6,7,-6,8,-6,8,-6,8,-6,0,0,8,-6,8,-6,8,-6,8,-6,8,-6,8,-6,8,-6,8,-5,8,-5,8,-5,8,-4,8,-4,8,-4,7,-4,8,-3,7,-3,8,-3,7,-3,7,-3,7,-2,6,-2,6,-2,7,-1,6,-1,6,-1,5,0,0,0,0,0,0,0,0,0,0,0"
1766018556.7870042,RX,"0,0,0,0,0,0,0,0,0,0,0,0,4,10,4,10,5,10,4,9,5,9,5,9,5,9,5,8,5,8,5,8,5,8,5,8,5,7,5,7,5,7,6,7,6,7,6,6,6,6,6,6,6,6,6,6,6,6,7,6,6,6,7,6,0,0,7,7,6,6,7,7,7,7,6,7,6,7,6,7,6,7,5,7,6,7,5,8,5,7,4,7,4,7,4,7,4,7,3,7,3,7,3,7,3,6,2,6,2,6,2,6,1,6,1,6,0,6,0,0,0,0,0,0,0,0,0,0"
1766018556.8062413,RX,"0,0,0,0,0,0,0,0,0,0,0,0,1,-12,1,-12,0,-12,1,-12,0,-11,0,-11,0,-11,0,-11,0,-11,-1,-10,-1,-11,-1,-11,-1,-10,-1,-10,-2,-10,-1,-10,-2,-10,-2,-9,-3,-10,-2,-10,-2,-9,-3,-9,-3,-9,-4,-10,-3,-10,-3,-10,0,0,-3,-10,-3,-10,-3,-10,-3,-10,-3,-10,-2,-10,-2,-10,-2,-10,-2,-10,-2,-10,-2,-10,-2,-9,-1,-9,-1,-9,-1,-9,-1,-9,0,-8,0,-8,0,-8,0,-8,0,-7,1,-7,1,-7,1,-7,1,-6,1,-6,0,0,0,0,0,0,0,0,0,0"
1766018556.8254147,RX,"0,0,0,0,0,0,0,0,0,0,0,0,-6,-11,-6,-11,-6,-11,-5,-10,-6,-10,-6,-10,-6,-10,-6,-9,-6,-9,-6,-8,-6,-9,-6,-9,-6,-8,-7,-8,-6,-7,-7,-8,-7,-8,-7,-7,-7,-7,-7,-7,-7,-7,-8,-7,-7,-6,-8,-7,-8,-7,-8,-7,0,0,-9,-7,-8,-7,-8,-7,-8,-7,-8,-7,-8,-7,-8,-7,-8,-7,-7,-7,-7,-7,-7,-8,-7,-7,-7,-7,-6,-7,-5,-7,-5,-7,-5,-8,-5,-7,-5,-7,-4,-7,-4,-7,-4,-7,-3,-7,-3,-7,-3,-6,-2,-6,0,0,0,0,0,0,0,0,0,0"
1766018556.8423274,RX,"0,0,0,0,0,0,0,0,0,0,0,0,10,-5,10,-5,10,-5,10,-5,9,-5,9,-5,9,-6,8,-6,8,-5,8,-6,8,-5,8,-6,8,-6,7,-6,7,-6,8,-6,7,-7,6,-6,7,-7,6,-7,6,-7,6,-7,6,-7,6,-8,7,-7,7,-8,0,0,6,-8,7,-7,7,-8,7,-7,7,-7,7,-7,7,-7,6,-7,7,-7,7,-7,7,-6,7,-6,7,-5,7,-6,7,-5,7,-5,7,-5,7,-4,6,-4,6,-4,6,-4,6,-3,6,-3,6,-2,6,-2,6,-2,0,0,0,0,0,0,0,0,0,0"
1766018556.8604324,RX,"0,0,0,0,0,0,0,0,0,0,0,0,11,-1,11,-2,12,-2,11,-1,10,-2,10,-2,10,-2,10,-2,10,-2,10,-3,10,-2,10,-3,9,-3,9,-3,9,-3,9,-3,9,-4,8,-4,9,-4,9,-4,8,-4,8,-4,8,-4,9,-5,9,-4,9,-5,0,0,9,-4,9,-4,9,-5,9,-4,9,-4,9,-3,9,-3,9,-4,9,-3,9,-3,9,-3,9,-2,9,-2,8,-2,8,-1,8,-1,8,-1,8,-1,8,-1,7,0,7,0,7,0,6,1,6,1,6,1,5,1,0,0,0,0,0,0,0,0,0,0"
1766018556.8798761,RX,"0,0,0,0,0,0,0,0,0,0,0,0,-8,9,-7,8,-8,9,-8,8,-7,9,-7,8,-7,8,-6,8,-6,8,-6,8,-6,8,-6,9,-5,8,-5,8,-5,8,-5,9,-4,9,-4,8,-4,9,-4,9,-4,8,-4,9,-3,8,-3,9,-4,9,-3,9,0,0,-3,9,-4,9,-3,9,-3,10,-4,9,-4,9,-4,9,-4,9,-4,9,-4,9,-4,9,-4,8,-4,8,-5,7,-5,7,-5,7,-5,7,-5,6,-5,6,-5,6,-5,6,-5,5,-5,5,-5,4,-5,4,-5,3,0,0,0,0,0,0,0,0,0,0"
1766018556.926537,RX,"0,0,0,0,0,0,0,0,0,0,0,0,-9,-8,-9,-8,-10,-7,-9,-8,-9,-7,-9,-7,-9,-7,-9,-6,-9,-6,-9,-5,-9,-6,-9,-6,-9,-5,-9,-5,-9,-5,-9,-5,-9,-4,-9,-4,-10,-4,-9,-4,-9,-4,-9,-3,-9,-3,-10,-3,-9,-4,-10,-4,0,0,-10,-4,-10,-3,-10,-4,-10,-4,-10,-4,-9,-4,-9,-4,-9,-4,-9,-4,-9,-4,-9,-5,-8,-4,-8,-5,-8,-54,-7,-4,-7,-4,-7,-4,-6,-4,-6,-5,-6,-4,-5,-5,0,0,0,0,0,0,0,0,0,4,-7,-4,-7,-4,-7,-4,-6,-4,-6,-5,-6,-4,-5,-5,0,0,0,0,0,0,0,0,0,4,-7,-4,-7,-4,-7,-4,-6,-4,-6,-5,-6,-4,-5,-5,0,0,0,0,0,0,0,0,0,4,-7,-4,-7,-4,-7,-4,-6,-4,-6,-5,-6,-4,-5,-5,0,0,0,0,0,0,0,0,0,4,-7,-4,-7,-4,-7,-4,-6,-4,-6,-5,-6,-4,-5,-5,0,0,0,0,0,0,0,0,0,4,-7,-4,-7,-4,-7,-4,-6,-4,-6,-5,-6,-4,-5,-5,0,0,0,0,0,0,0,0,0,0"
1766018556.9302537,RX,"0,0,0,00"
1766018556.9328852,RX,"0,0,0,00"
1766018556.936939,RX,"0,0,0,00"
1766018556.9395416,RX,"0,0,0,00"
1766018556.942949,RX,"0,0,0,00"
1766018556.9461658,RX,"0,0,0,00"
1766018556.949946,RX,"0,0,0,00"
1766018556.9530828,RX,"0,0,0,00"
1766018556.9565277,RX,"0,0,0,00"
1766018556.9595432,RX,"0,0,0,00"
1766018556.962809,RX,"0,0,0,00"
1766018556.9656067,RX,"0,0,0,00"
1766018556.9687898,RX,"0,0,0,00"
1766018556.971936,RX,"0,0,0,00"
1766018556.9754462,RX,"0,0,0,00"
1766018556.9790895,RX,"0,0,0,00"
1766018556.9823961,RX,"0,0,0,00"
1766018556.9854934,RX,"0,0,0,00"
1766018556.9881556,RX,"0,0,0,00"
1766018556.991642,RX,"0,0,0,00"
1766018556.9947655,RX,"0,0,0,00"
1766018556.9972723,RX,"0,0,0,00"
1766018557.077712,RX,"0,0,0,0,0,0,0,0,0,0,0,0,3,10,4,11,4,10,3,11,4,10,4,10,4,10,4,9,4,9,4,,0,0,0,0,0,0,0,0,3,10,4,11,4,10,3,11,4,10,4,10,4,10,4,9,4,9,4,,0,0,0,0,0,0,0,0,3,10,4,11,4,10,3,11,4,10,4,10,4,10,4,9,4,9,4,,0,0,0,0,0,0,0,0,3,10,4,11,4,10,3,11,4,10,4,10,4,10,4,9,4,9,4,,0,0,0,0,0,0,0,0,3,10,4,11,4,10,3,11,4,10,4,10,4,10,4,9,4,9,4,,0,0,0,0,0,0,0,0,3,10,4,11,4,10,3,11,4,10,4,10,4,10,4,9,4,9,4,,0,0,0,0,0,0,0,0,3,10,4,11,4,10,3,11,4,10,4,10,4,10,4,9,4,9,4,,0,0,0,0,0,0,0,0,3,10,4,11,4,10,3,11,4,10,4,10,4,10,4,9,4,9,4,,0,0,0,0,0,0,0,0,3,10,4,11,4,10,3,11,4,10,4,10,4,10,4,9,4,9,4,,0,0,0,0,0,0,0,0,3,10,4,11,4,10,3,11,4,10,4,10,4,10,4,9,4,9,4,,0,0,0,0,0,0,0,0,3,10,4,11,4,10,3,11,4,10,4,10,4,10,4,9,4,9,4,,0,0,0,0,0,0,0,0,3,10,4,11,4,10,3,11,4,10,4,10,4,10,4,9,4,9,4,,0,0,0,0,0,0,0,0,3,10,4,11,4,10,3,11,4,10,4,10,4,10,4,9,4,9,4,,0,0,0,0,0,0,0,0,3,10,4,11,4,10,3,11,4,10,4,10,4,10,4,9,4,9,4,,0,0,0,0,0,0,0,0,3,10,4,11,4,10,3,11,4,10,4,10,4,10,4,9,4,9,4,,0,0,0,0,0,0,0,0,3,10,4,11,4,10,3,11,4,10,4,10,4,10,4,9,4,9,4,,0,0,0,0,0,0,0,0,3,10,4,11,4,10,3,11,4,10,4,10,4,10,4,9,4,9,4,,0,0,0,0,0,0,0,0,3,10,4,11,4,10,3,11,4,10,4,10,4,10,4,9,4,9,4,,0,0,0,0,0,0,0,0,3,10,4,11,4,10,3,11,4,10,4,10,4,10,4,9,4,9,4,,0,0,0,0,0,0,0,0,3,10,4,11,4,10,3,11,4,10,4,10,4,10,4,9,4,9,4,,0,0,0,0,0,0,0,0,3,10,4,11,4,10,3,11,4,10,4,10,4,10,4,9,4,9,4,,0,0,0,0,0,0,0,0,3,10,4,11,4,10,3,11,4,10,4,10,4,10,4,9,4,9,4,,0,0,0,0,0,0,0,0,3,10,4,11,4,10,3,11,4,10,4,10,4,10,4,9,4,9,4,,0,0,0,,9,5,8,5,8,5,8,5,8,6,8,5,7,6,7,5,7,5,7,6,7,6,6,6,7,6,7,6,7,0,0,7,7,6,7,6,7,6,8,6,7,5,8,5,7,6,7,5,8,5,7,5,8,4,7,4,7,4,7,3,7,3,7,3,7,3,7,3,7,2,7,2,7,1,7,1,6,1,6,0,6,0,6,0,0,0,0,0,0,0,0,0,0"
1766018557.0983899,RX,"0,0,0,0,0,0,0,0,0,0,0,0,3,-11,3,-12,3,-12,3,-11,3,-11,2,-11,2,-11,2,-10,2,-10,1,-10,2,-10,1,-11,1,-10,1,-10,0,-10,1,-10,0,-11,0,-10,-1,-10,-1,-10,-1,-9,-1,-10,-1,-9,-1,-11,-1,-10,-2,-11,0,0,-1,-11,-1,-10,-1,-11,-1,-11,-1,-10,-1,-10,0,-10,-1,-10,0,-10,-1,-10,0,-10,0,-9,0,-9,0,-9,1,-9,1,-9,1,-8,1,-8,1,-8,1,-8,2,-7,2,-7,2,-7,2,-7,2,-6,2,-6,0,0,0,0,0,0,0,0,0,0"
1766018557.1277666,RX,"0,0,0,0,0,0,0,0,0,0,0,0,-11,-5,-11,-4,-12,-4,-11,-5,-11,-4,-10,-4,-11,-4,-10,-3,-10,-3,-10,-2,-10,-3,-10,-2,-10,-2,-10,-2,-10,-1,-10,-2,-10,-1,-9,-1,-10,0,-10,-1,-9,0,-10,0,-9,0,-10,0,-10,0,-10,0,0,0,-10,0,-10,0,-10,0,-10,0,-10,0,-10,0,-10,-1,-10,0,-10,-1,-10,                                                              -1,-10,0,-10,0,-10,0,-10,0,-10,0,-9,0,-11,0,-10,0,-10,0,0,0,-11,0,-11,0,-11,0,-11,0,-10,0,-10,0,-10,0,-10,0,-10,-1,-10,-1,-10,-2,-9,-1,-9,-1,-9,-2,-9,-2,-9,-2,-9,-2,-8,-2,-8,-2,-8,-3,-7,-3,-7,-3,-7,-3,-7,-4,-6,-4,-6,-4,0,0,0,0,0,0,0,0,0,0"
1766018557.1468418,RX,"0,0,0,0,0,0,0,0,0,0,0,0,9,-8,9,-8,9,-8,9,-7,8,-8,8,-7,7,-8,7,-8,7,-7,6,-8,7,-8,7,-8,6,-8,6,-8,6,-8,6,-8,5,-8,5,-8,5,-9,5,-9,4,-8,5,-9,4,-8,4,-9,5,-9,4,-9,0,0,4,-9,5,-9,5,-9,5,-9,5,-9,5,-9,5,-9,5,-8,5,-8,5,-8,5,-8,5,-7,5,-7,6,-7,5,-6,6,-6,6,-6,5,-6,5,-6,5,-5,5,-5,5,-4,5,-4,5,-4,5,-4,5,-3,0,0,0,0,0,0,0,0,0,0"
1766018557.1688135,RX,"0,0,0,0,0,0,0,0,0,0,0,0,-11,-7,-11,-6,-11,-6,-10,-6,-10,-5,-10,-5,-10,-5,-10,-4,-10,-5,-10,-4,-10,-5,-10,-5,-10,-4,-10,-4,-9,-4,-10,-4,-10,-3,-10,-3,-10,-2,-10,-2,-9,-2,-10,-2,-9,-2,-10,-2,-10,-2,-10,-2,0,0,-11,-2,-10,-2,-10,-2,-10,-2,-10,-2,-10,-2,-10,-2,-10,-2,-10,-3,-9,-3,-9,-3,-9,-3,-9,-3,-9,-3,-9,-4,-8,-4,-8,-4,-8,-4,-7,-4,-7,-4,-7,-4,-6,-4,-6,-4,-6,-5,-5,-5,-5,-5,0,0,0,0,0,0,0,0,0,0"
1766018557.1882222,RX,"0,0,0,0,0,0,0,0,0,0,0,0,-12,0,-12,1,-13,1,-12,0,-12,1,-11,1,-11,1,-11,2,-10,1,-10,2,-11,1,-11,2,-10,2,-10,2,-9,2,-10,2,-10,3,-9,3,-9,3,-9,3,-9,3,-9,3,-9,3,-10,4,-9,3,-10,4,0,0,-10,4,-10,3,-10,4,-10,3,-9,3,-10,3,-10,3,-9,3,-9,3,-9,2,-10,2,-9,2,-9,1,-9,1,-9,1,-9,1,-9,1,-8,0,-8,0,-8,0,-8,0,-7,-1,-7,-1,-7,-1,-7,-2,-6,-2,0,0,0,0,0,0,0,0,0,0"
1766018557.2033865,RX,"0,0,0,0,0,0,0,0,0,0,0,0,-10,6,-10,6,-10,6,-10,6,-9,6,-9,6,-9,6,-8,7,-8,6,-8,6,-8,6,-8,6,-8,7,-7,6,-7,6,-7,6,-7,7,-6,6,-6,7,-7,7,-6,6,-6,7,-6,6,-6,7,-7,7,-6,8,0,0,-7,8,-7,7,-7,7,-7,7,-7,7,-7,7,-7,7,-7,6,-7,6,-7,6,-8,6,-7,5,-7,5,-8,5,-7,4,-8,4,-7,4,-8,4,-7,3,-7,3,-7,3,-7,2,-7,2,-7,1,-6,1,-6,1,0,0,0,0,0,0,0,0,0,0"
1766018557.2238386,RX,"0,0,0,0,0,0,0,0,0,0,0,0,-9,-7,-10,-7,-10,-7,-10,-7,-9,-6,-10,-7,-9,-6,-9,-6,-9,-6,-9,-5,-9,-6,-9,-6,-9,-5,-9,-5,-9,-4,-9,-5,-10,-4,-9,-4,-10,-3,-9,-3,-9,-3,-9,-3,-9,-3,-10,-3,-10,-3,-10,-3,0,0,-10,-3,-9,-3,-10,-3,-10,-3,-10,-3,-10,-4,-10,-4,-9,-4,-9,-4,-9,-4,-9,-4,-9,-4,-8,-4,-8,-4,-7,-5,-8,-5,-7,-5,-7,-5,-7,-5,-6,-5,-6,-5,-6,-5,-5,-5,-5,-5,-5,-5,-4,-5,0,0,0,0,0,0,0,0,0,0"
1766018557.245009,RX,"0,0,0,0,0,0,0,0,0,0,0,0,-5,-11,-5,-11,-6,-11,-5,-11,-5,-11,-5,-10,-5,-10,-5,-10,-5,-10,-6,-9,-6,-10,-6,-9,-6,-9,-6,-9,-6,-8,-6,-9,-7,-8,-6,-8,-7,-7,-7,-8,-6,-7,-7,-7,-7,-7,-8,-7,-7,-8,-8,-8,0,0,-7,-8,-7,-8,-7,-8,-8,-8,-7,-8,-7,-8,-7,-8,-7,-8,-6,-8,-6,-8,-6,-9,-6,-7,-6,-8,-5,-8,-5,-8,-5,-8,-4,-8,-4,-8,-4,-8,-3,-7,-3,-7,-3,-7,-3,-7,-2,-7,-2,-7,-1,-6,0,0,0,0,0,0,0,0,0,0"
1766018557.2634964,RX,"0,0,0,0,0,0,0,0,0,0,0,0,6,-10,6,-10,6,-10,6,-10,5,-10,5,-9,5,-9,4,-9,4,-9,4,-10,4,-9,4,-10,4,-9,4,-9,3,-9,3,-10,2,-9,2,-9,2,-9,2,-9,2,-9,2,-9,2,-9,2,-10,2,-10,2,-10,0,0,2,-10,2,-10,2,-10,2,-10,2,-9,3,-9,3,-10,3,-9,3,-9,3,-9,3,-9,3,-8,3,-8,4,-8,4,-8,4,-7,4,-8,4,-7,4,-7,4,-6,4,-6,4,-6,4,-5,4,-5,4,-5,4,-4,0,0,0,0,0,0,0,0,0,0"
1766018557.2823594,RX,"0,0,0,0,0,0,0,0,0,0,0,0,-12,-1,-12,-1,-12,0,-12,-1,-11,0,-12,-1,-11,0,-11,0,-11,0,-11,1,-10,0,-11,1,-10,1,-10,1,-10,1,-10,1,-10,2,-9,2,-10,3,-10,2,-9,2,-10,3,-9,2,-10,3,-10,3,-10,3,0,0,-10,3,-10,3,-10,3,-10,3,-10,3,-10,2,-10,2,-10,2,-10,2,-9,1,-10,1,-9,2,-9,1,-9,1,-9,0,-9,0,-8,0,-8,0,-8,0,-8,-1,-8,-1,-7,-1,-7,-1,-7,-2,-7,-2,-6,-2,0,0,0,0,0,0,0,0,0,0"
1766018557.2966077,RX,"0,0,0,0,0,0,0,0,0,0,0,0,6,9,6,9,7,9,6,8,6,8,6,8,6,8,7,7,6,7,7,7,6,7,7,7,7,6,7,6,6,6,7,6,7,6,7,5,7,5,7,5,7,5,7,5,7,4,8,5,7,5,8,5,0,0,8,5,8,5,8,5,8,5,8,5,7,5,7,5,7,5,7,6,7,5,7,6,6,5,6,6,6,5,5,6,5,6,4,6,4,6,4,6,4,6,4,5,3,5,3,5,3,5,2,5,1,5,0,0,0,0,0,0,0,0,0,0"
1766018557.3135197,RX,"0,0,0,0,0,0,0,0,0,0,0,0,-3,11,-3,11,-2,11,-3,10,-3,10,-2,10,-2,10,-2,10,-2,9,-1,9,-1,9,-1,10,-1,9,-1,9,0,9,0,9,1,9,1,9,1,9,1,9,1,8,1,9,1,9,1,9,1,9,1,9,0,0,2,9,1,9,1,9,2,9,1,9,1,9,1,9,1,9,1,9,0,9,0,9,0,8,0,8,-1,8,-1,8,-1,8,-1,8,-1,8,-1,7,-1,7,-2,7,-2,6,-3,6,-3,6,-3,5,-3,5,0,0,0,0,0,0,0,0,0,0"
1766018557.3319387,RX,"0,0,0,0,0,0,0,0,0,0,0,0,-11,2,-11,2,-12,3,-11,2,-11,2,-11,3,-10,3,-10,3,-10,3,-10,3,-10,3,-10,3,-10,3,-9,3,-9,3,-9,4,-9,4,-8,4,-8,5,-9,5,-8,4,-8,5,-8,5,-8,5,-8,5,-8,5,0,0,-9,5,-9,5,-9,5,-9,5,-9,5,-9,4,-9,4,-8,5,-9,4,-9,4,-9,4,-8,3,-9,3,-9,3,-8,2,-8,2,-8,2,-8,2,-8,1,-8,1,-8,1,-7,1,-7,0,-7,0,-7,0,-7,-1,0,0,0,0,0,0,0,0,0,0"
1766018557.3543813,RX,"0,0,0,0,0,0,0,0,0,0,0,0,-10,-6,-10,-6,-11,-6,-10,-6,-10,-5,-10,-5,-10,-5,-10,-5,-10,-5,-10,-4,-10,-5,-10,-4,-10,-4,-9,-4,-9,-3,-10,-3,-10,-2,-10,-2,-10,-2,-10,-2,-9,-2,-10,-1,-9,-2,-10,-1,-10,-2,-10,-2,0,0,-10,-1,-10,-1,-10,-2,-11,-2,-10,-2,-10,-2,-10,-2,-10,-2,-10,-2,-10,-2,-10,-3,-9,-2,-9,-3,-9,-3,-9,-3,-8,-3,-8,-4,-8,-4,-8,-3,-7,-4,-7,-4,-7,-4,-6,-4,-6,-4,-5,-4,-5,-4,0,0,0,0,0,0,0,0,0,0"
1766018557.3759794,RX,"0,0,0,0,0,0,0,0,0,0,0,0,-3,-12,-3,-11,-4,-12,-3,-11,-4,-11,-4,-10,-4,-11,-4,-10,-4,-10,-4,-10,-4,-10,-4,-10,-4,-10,-4,-9,-5,-9,-5,-9,-6,-9,-5,-9,-6,-8,-5,-9,-5,-8,-6,-8,-6,-8,-6,-8,-6,-8,-6,-9,0,0,-6,-9,-6,-9,-6,-9,-6,-9,-6,-8,-6,-9,-5,-9,-6,-9,-5,-9,-5,-9,-5,-9,-4,-8,-4,-8,-4,-8,-4,-9,-4,-8,-3,-8,-3,-8,-3,-8,-2,-8,-2,-8,-2,-7,-1,-7,-1,-7,-1,-7,0,-7,0,0,0,0,0,0,0,0,0,0"
1766018557.3915458,RX,"0,0,0,0,0,0,0,0,0,0,0,0,7,-9,7,-9,7,-9,7,-8,6,-8,6,-8,6,-9,5,-8,6,-8,5,-8,6,-8,5,-9,5,-8,5,-8,4,-8,4,-9,4,-9,3,-8,3,-9,3,-9,3,-8,3,-9,3,-8,3,-9,3,-9,3,-9,0,0,3,-9,3,-9,3,-9,3,-10,4,-9,4,-9,4,-9,4,-8,4,-8,4,-8,4,-8,4,-7,4,-7,4,-7,4,-7,4,-7,5,-6,4,-6,4,-6,4,-6,4,-5,4,-5,4,-4,5,-4,4,-4,4,-3,0,0,0,0,0,0,0,0,0,0"
1766018557.407101,RX,"0,0,0,0,0,0,0,0,0,0,0,0,11,0,11,0,11,0,11,0,10,0,10,0,10,0,9,-1,9,0,9,-1,9,-1,9,-1,9,-2,9,-2,8,-2,9,-2,9,-2,8,-2,9,-3,8,-2,8,-3,8,-3,8,-3,9,-4,8,-3,9,-3,0,0,9,-3,9,-3,9,-3,9,-3,9,-3,9,-2,9,-2,8,-2,8,-2,8,-2,8,-2,8,-1,8,-1,8,-1,7,0,7,0,7,0,7,0,6,0,6,0,6,1,6,1,5,1,5,1,5,1,5,1,0,0,0,0,0,0,0,0,0,0"
1766018557.4230144,RX,"0,0,0,0,0,0,0,0,0,0,0,0,-6,9,-6,10,-6,10,-6,9,-5,9,-5,9,-4,9,-4,9,-4,9,-4,9,-4,9,-4,9,-3,9,-3,8,-3,8,-3,9,-2,9,-2,8,-2,9,-2,9,-2,8,-1,9,-1,8,-1,9,-2,9,-1,10,0,0,-1,10,-2,9,-2,10,-2,10,-2,9,-2,9,-2,9,-2,9,-2,9,-2,8,-3,9,-3,8,-3,8,-3,8,-4,7,-4,7,-4,7,-4,7,-3,7,-4,6,-4,6,-4,5,-4,5,-5,5,-4,4,-5,4,0,0,0,0,0,0,0,0,0,0"
1766018557.4398127,RX,"0,0,0,0,0,0,0,0,0,0,0,0,-11,3,-12,3,-12,4,-12,3,-11,3,-11,3,-10,4,-10,4,-10,3,-10,4,-10,4,-10,4,-9,4,-9,5,-9,4,-9,4,-9,5,-8,5,-8,5,-8,5,-8,5,-8,5,-7,5,-8,6,-8,6,-8,6,0,0,-9,6,-9,6,-9,6,-9,5,-9,5,-9,5,-9,5,-9,5,-9,4,-8,4,-9,4,-8,4,-9,4,-9,3,-8,3,-9,2,-8,2,-8,2,-8,2,-7,2,-8,1,-8,0,-7,1,-7,0,-7,0,-7,0,0,0,0,0,0,0,0,0,0,0"
1766018557.4609225,RX,"0,0,0,0,0,0,0,0,0,0,0,0,-8,-9,-8,-9,-9,-8,-8,-9,-8,-8,-8,-8,-8,-8,-8,-7,-8,-7,-8,-7,-8,-7,-9,-7,-9,-6,-8,-6,-8,-6,-8,-6,-9,-5,-8,-5,-9,-5,-9,-5,-8,-5,-9,-4,-8,-4,-9,-5,-9,-5,-10,-5,0,0,-9,-5,-9,-5,-9,-5,-9,-5,-9,-5,-9,-5,-9,-5,-9,-5,-8,-6,-8,-5,-8,-6,-8,-5,-7,-6,-7,-6,-7,-6,-7,-6,-6,-6,-6,-6,-6,-6,-6,-6,-5,-6,-5,-6,-4,-6,-4,-6,-4,-6,-3,-6,0,0,0,0,0,0,0,0,0,0"
1766018557.4825873,RX,"0,0,0,0,0,0,0,0,0,0,0,0,-1,-12,-1,-12,-2,-12,-1,-12,-2,-11,-2,-11,-2,-11,-2,-10,-2,-10,-3,-10,-2,-10,-3,-11,-3,-10,-3,-10,-3,-9,-3,-10,-4,-10,-4,-9,-4,-9,-4,-9,-4,-9,-5,-9,-5,-8,-5,-9,-5,-9,-5,-9,0,0,-5,-10,-5,-9,-5,-10,-5,-10,-5,-9,-4,-9,-4,-9,-4,-9,-4,-9,-4,-9,-3,-10,-3,-9,-3,-9,-3,-9,-2,-9,-2,-9,-2,-8,-2,-8,-2,-8,-1,-8,-1,-8,-1,-7,0,-7,0,-7,0,-7,1,-7,0,0,0,0,0,0,0,0,0,0"
1766018557.501062,RX,"0,0,0,0,0,0,0,0,0,0,0,0,8,-7,8,-8,9,-8,8,-7,8,-8,7,-8,7,-8,7,-7,7,-8,6,-8,7,-7,7,-8,6,-8,6,-7,5,-8,6,-8,5,-8,5,-8,4,-9,5,-9,4,-8,5,-9,4,-8,4,-9,5,-8,4,-9,0,0,4,-9,5,-9,5,-9,5,-9,5,-9,5,-8,5,-9,5,-8,5,-8,5,-8,6,-8,5,-7,6,-7,5,-7,5,-7,5,-6,6,-6,5,-6,5,-5,5,-5,5,-5,5,-4,5,-4,5,-4,5,-3,5,-3,0,0,0,0,0,0,0,0,0,0"
1766018557.5174365,RX,"0,0,0,0,0,0,0,0,0,0,0,0,8,7,8,7,8,7,8,7,8,6,8,6,7,6,8,6,7,6,8,5,7,5,8,5,8,5,7,5,7,4,8,5,8,4,7,4,8,3,8,3,7,3,8,3,7,3,8,3,8,3,8,3,0,0,8,4,8,3,9,4,8,4,8,4,8,4,8,4,8,4,7,4,7,4,7,5,6,4,6,4,6,5,6,5,6,5,5,5,5,5,5,4,5,4,4,4,4,5,3,4,3,5,2,5,2,4,0,0,0,0,0,0,0,0,0,0"
1766018557.5312047,RX,"0,0,0,0,0,0,0,0,0,0,0,0,5,10,5,10,5,10,4,9,5,9,4,9,5,9,5,8,5,8,5,8,5,8,6,8,5,7,5,7,5,7,6,7,6,7,6,6,6,6,6,6,6,6,6,6,6,6,7,6,6,6,7,6,0,0,7,6,7,6,7,6,7,7,6,6,6,7,6,6,6,6,6,7,6,6,6,7,5,6,5,6,5,6,4,7,4,6,4,6,3,6,3,6,3,6,3,6,2,6,2,6,2,6,1,6,1,5,0,0,0,0,0,0,0,0,0,0"
1766018557.5547178,RX,"0,0,0,0,0,0,0,0,0,0,0,0,-6,10,-6,10,-6,10,-6,9,-5,9,-5,9,-5,9,-4,9,-4,9,-4,9,-4,9,-4,9,-4,9,-4,9,-3,8,-3,9,-2,9,-2,9,-2,9,-2,9,-2,8,-1,90,4,-9,3,-10,3,-10,3,-9,3,-9,3,-9,3,-10,2,-9,2,-9,1,-9,1,-9,1,-9,1,-9,0,-8,0,-8,0,-8,0,-7,0,-7,-1,-7,-1,-7,-1,-7,-2,-6,-2,0,-9,1,-9,0,-8,0,-8,0,-8,0,-7,0,-7,-1,-7,-1,-7,-1,-7,-2,-6,-2,0,-9,1,-9,0,-8,0,-8,0,-8,0,-7,0,-7,-1,-7,-1,-7,-1,-7,-2,-6,-2,0,0,0,0,0,0,0,0,0,0"
1766018557.7135067,RX,"0,0,0,0,0,0,0,0,0,0,0,0,-4,-11,-5,-12,-5,-11,-4,-11,-5,-10,-5,-10,-5,-10,-5,-10,-5,-10,-6,-9,-5,-10,-6,-10,-6,-9,-6,-9,-6,-8,-6,-9,-7,-8,-7,-8,-7,-8,-7,-8,-6,-7,-7,-8,-7,-7,-8,-8,-7,-8,-8,-8,0,0,-8,-8,-7,-8,-8,-8,-8,-8,-7,-8,-7,-8,-7,-8,-7,-8,-7,-8,-6,-8,-6,-9,-6,-8,-6,-8,-5,-8,-5,-8,-5,-8,-4,-8,-4,-8,-4,-8,-4,-7,-3,-8,-3,-7,-3,-7,-2,-7,-2,-7,-1,-7,0,0,0,0,0,0,0,0,0,0"
1766018557.7336388,RX,"0,0,0,0,0,0,0,0,0,0,0,0,3,-12,2,-12,2,-12,3,-12,2,-11,2,-11,1,-11,1,-11,1,-11,0,-11,1,-11,1,-11,0,-11,0,-10,0,-10,0,-11,-1,-11,-1,-10,-1,-10,-1,-10,-1,-10,-1,-10,-2,-10,-2,-10,-1,-10,-2,-11,0,0,-2,-11,-1,-10,-1,-11,-2,-11,-1,-10,-1,-10,-1,-10,-1,-10,-1,-10,-1,-10,0,-11,0,-9,0,-9,0,-10,1,-9,1,-9,1,-9,1,-9,1,-8,1,-8,2,-8,2,-7,2,-7,2,-7,3,-6,3,-6,0,0,0,0,0,0,0,0,0,0"
1766018557.7544248,RX,"0,0,0,0,0,0,0,0,0,0,0,0,-11,-5,-10,-5,-11,-5,-10,-5,-11,-4,-10,-4,-10,-4,-10,-3,-10,-4,-10,-3,-10,-4,-10,-3,-10,-3,-10,-3,-9,-2,-10,-2,-10,-2,-10,-2,-10,-1,-10,-1,-9,-1,-10,-1,-9,-1,-10,0,-10,-1,-10,-1,0,0,-10,-1,-11,-1,-10,-1,-11,-1,-10,-1,-10,-1,-10,-1,-10,-1,-10,-1,-10,-2,-10,-2,-9,-2,-9,-2,-9,-2,-9,-3,-8,-3,-9,-3,-8,-3,-8,-3,-8,-3,-7,-3,-7,-3,-7,-3,-6,-4,-6,-4,-5,-4,0,0,0,0,0,0,0,0,0,0"
